-- MySQL dump 10.13  Distrib 8.0.36, for Win64 (x86_64)
--
-- Host: 58.239.58.243    Database: java405_team1_final
-- ------------------------------------------------------
-- Server version	8.0.27

/*!40101 SET @OLD_CHARACTER_SET_CLIENT=@@CHARACTER_SET_CLIENT */;
/*!40101 SET @OLD_CHARACTER_SET_RESULTS=@@CHARACTER_SET_RESULTS */;
/*!40101 SET @OLD_COLLATION_CONNECTION=@@COLLATION_CONNECTION */;
/*!50503 SET NAMES utf8 */;
/*!40103 SET @OLD_TIME_ZONE=@@TIME_ZONE */;
/*!40103 SET TIME_ZONE='+00:00' */;
/*!40014 SET @OLD_UNIQUE_CHECKS=@@UNIQUE_CHECKS, UNIQUE_CHECKS=0 */;
/*!40014 SET @OLD_FOREIGN_KEY_CHECKS=@@FOREIGN_KEY_CHECKS, FOREIGN_KEY_CHECKS=0 */;
/*!40101 SET @OLD_SQL_MODE=@@SQL_MODE, SQL_MODE='NO_AUTO_VALUE_ON_ZERO' */;
/*!40111 SET @OLD_SQL_NOTES=@@SQL_NOTES, SQL_NOTES=0 */;

--
-- Table structure for table `company`
--

DROP TABLE IF EXISTS `company`;
/*!40101 SET @saved_cs_client     = @@character_set_client */;
/*!50503 SET character_set_client = utf8mb4 */;
CREATE TABLE `company` (
  `company_id` bigint NOT NULL AUTO_INCREMENT,
  `code` varchar(255) NOT NULL,
  `email` varchar(255) NOT NULL,
  `name` varchar(255) NOT NULL,
  PRIMARY KEY (`company_id`)
) ENGINE=InnoDB AUTO_INCREMENT=11 DEFAULT CHARSET=utf8mb4 COLLATE=utf8mb4_0900_ai_ci;
/*!40101 SET character_set_client = @saved_cs_client */;

--
-- Dumping data for table `company`
--

LOCK TABLES `company` WRITE;
/*!40000 ALTER TABLE `company` DISABLE KEYS */;
INSERT INTO `company` VALUES (1,'DA','DA1234@daum.net','동아제약'),(2,'YH','YH1546@naver.com','유한양행'),(3,'MD','MD175@gmail.com','메디랜드'),(4,'HS','HS6345@naver.com','협성메디칼'),(5,'DH','DH681@gmail.com','대한양행'),(6,'SS','SS795@daum.net','신신제약'),(7,'DK','DK1364@gmail.com','동국제약'),(8,'GR','GR420@naver.com','그린제약'),(10,'MC','MC@naver.com','몽클레어');
/*!40000 ALTER TABLE `company` ENABLE KEYS */;
UNLOCK TABLES;

--
-- Table structure for table `container`
--

DROP TABLE IF EXISTS `container`;
/*!40101 SET @saved_cs_client     = @@character_set_client */;
/*!50503 SET character_set_client = utf8mb4 */;
CREATE TABLE `container` (
  `container_id` bigint NOT NULL AUTO_INCREMENT,
  `code` varchar(255) NOT NULL,
  `section` varchar(255) NOT NULL,
  PRIMARY KEY (`container_id`)
) ENGINE=InnoDB AUTO_INCREMENT=36 DEFAULT CHARSET=utf8mb4 COLLATE=utf8mb4_0900_ai_ci;
/*!40101 SET character_set_client = @saved_cs_client */;

--
-- Dumping data for table `container`
--

LOCK TABLES `container` WRITE;
/*!40000 ALTER TABLE `container` DISABLE KEYS */;
INSERT INTO `container` VALUES (11,'1A01','A01');
/*!40000 ALTER TABLE `container` ENABLE KEYS */;
UNLOCK TABLES;

--
-- Table structure for table `item`
--

DROP TABLE IF EXISTS `item`;
/*!40101 SET @saved_cs_client     = @@character_set_client */;
/*!50503 SET character_set_client = utf8mb4 */;
CREATE TABLE `item` (
  `min_num` int NOT NULL DEFAULT '0',
  `price` int NOT NULL DEFAULT '0',
  `total_num` int NOT NULL,
  `company_id` bigint NOT NULL,
  `container_id` bigint NOT NULL,
  `item_id` bigint NOT NULL AUTO_INCREMENT,
  `thumbnail` varchar(2000) NOT NULL,
  `name` varchar(255) NOT NULL,
  `total_code` varchar(255) NOT NULL,
  PRIMARY KEY (`item_id`),
  UNIQUE KEY `UKqml309yohxc8vp5h51nx623po` (`name`),
  UNIQUE KEY `UKksnaqrmld7t8jqnjna77rayss` (`total_code`),
  KEY `FK66jg5pmwt79f7mapkn9rhjwo2` (`company_id`),
  KEY `FK9b9sc6vhhyquxqbixmhqtx0g` (`container_id`),
  CONSTRAINT `FK66jg5pmwt79f7mapkn9rhjwo2` FOREIGN KEY (`company_id`) REFERENCES `company` (`company_id`),
  CONSTRAINT `FK9b9sc6vhhyquxqbixmhqtx0g` FOREIGN KEY (`container_id`) REFERENCES `container` (`container_id`)
) ENGINE=InnoDB AUTO_INCREMENT=79 DEFAULT CHARSET=utf8mb4 COLLATE=utf8mb4_0900_ai_ci;
/*!40101 SET character_set_client = @saved_cs_client */;

--
-- Dumping data for table `item`
--

LOCK TABLES `item` WRITE;
/*!40000 ALTER TABLE `item` DISABLE KEYS */;
INSERT INTO `item` VALUES (89,8000,100,2,11,8,'2.jpg','혈당측정 스트립','YH08A01'),(28,9000,30,3,11,9,'3.jpg','붕대','MD09A01'),(150,5000,200,4,11,12,'4.jpg','거즈','HS012A01'),(96,6000,100,5,11,15,'5.jpg','의료용 장갑','DH015A01'),(42,6500,50,6,11,17,'6.jpg','일회용 체온계','SS017A01'),(52,14000,60,3,11,19,'54.jpg','노보신(Novosyn) C0068006','MD019A01'),(15,6000,20,1,11,20,'8.jpg','알콜 소독제','DA020A01'),(95,7000,100,2,11,21,'9.jpg','주사바늘','YH021A01'),(18,2000,20,6,11,22,'52.jpg','LED 펜라이트','SS022A01'),(6,5000,10,3,11,23,'10.jpg','인공호흡기 필터','MD023A01'),(78,22000,100,4,11,24,'11.jpg','정맥주사 세트','HS024A01'),(45,15000,50,2,11,25,'51.jpg','수액세트(I.V Set)','YH025A01'),(45,4000,100,5,11,26,'12.jpg','면봉','DH026A01'),(50,5000,89,6,11,27,'13.jpg','상처용 패치','SS027A01'),(4,9000,8,6,11,28,'53.jpg','무독성 살균 소독제 하이크로에스(메디록스)','SS028A01'),(100,14000,200,7,11,29,'14.jpg','환자 기록용지','DK029A01'),(10,8000,17,1,11,30,'15.jpg','라벨지','DA030A01'),(68,10000,100,2,11,31,'16.jpg','의료 폐기물 봉투','YH031A01'),(96,4500,100,3,11,32,'17.jpg','소독용 알콜솜','MD032A01'),(16,45000,30,6,11,34,'50.jpg','엑스레이 필름지','SS034A01'),(50,10000,132,5,11,35,'19.jpg','수술용 장갑','DH035A01'),(2,2500,10,7,11,36,'49.jpg','세제','DK036A01'),(15,9500,30,6,11,37,'20.jpg','영양제','SS037A01'),(76,17000,100,5,11,38,'47.jpg','일회용 멸균포','DH038A01'),(78,17000,100,7,11,39,'21.jpg','혈액 채취 튜브','DK039A01'),(89,13000,100,4,11,40,'46.jpg','위생 방수지','HS040A01'),(20,20000,57,1,11,41,'22.jpg','경구 투여용 약품','DA041A01'),(10,20000,18,2,11,42,'23.jpg','산소 마스크','YH042A01'),(20,15000,25,3,11,43,'45.jpg','소독 살균 티슈','MD043A01'),(73,17000,100,3,11,44,'24.jpg','투약병','MD044A01'),(14,16000,16,4,11,45,'25.jpg','의료용 테이프','HS045A01'),(10,7000,18,5,11,46,'26.jpg','지혈대','DH046A01'),(28,20000,50,2,11,47,'44.jpg','에어웨이','YH047A01'),(16,14000,20,6,11,48,'27.jpg','청소포','SS048A01'),(39,7000,50,7,11,49,'28.jpg','파스','DK049A01'),(100,12500,127,7,11,50,'42.jpg','드레싱 밴드','DK050A01'),(10,8000,50,1,11,51,'29.jpg','감열지','DA051A01'),(10,15000,67,2,11,52,'30.jpg','구급함','YH052A01'),(200,8000,250,6,11,53,'41.jpg','일회용 눈가리개','SS053A01'),(30,16000,60,3,11,54,'31.jpg','연고','MD054A01'),(10,12000,30,4,11,55,'32.jpg','스프레이형 기구 소독제','HS055A01'),(160,8500,250,5,11,56,'40.jpg','필터형 코튼볼','DH056A01'),(46,3000,100,5,11,57,'33.jpg','일회용 채혈침','DH057A01'),(67,19000,100,6,11,58,'34.jpg','간호사 라운드캡','SS058A01'),(180,13000,250,4,11,59,'39.jpg','공캡슐','HS059A01'),(94,13000,100,7,11,60,'35.jpg','일회용 비닐가운','DK060A01'),(25,15000,50,1,11,61,'36.jpg','요산시험지','DA061A01'),(67,5000,100,3,11,62,'38.jpg','일회용 멸균 설압자','MD062A01'),(53,7000,100,2,11,63,'37.jpg','코로나 자가진단 키트','YH063A01'),(30,3700,0,3,11,75,'1.jpg','주사기','MD075A01'),(200,400,402,7,11,77,'7.jpg','의료용 마스크','DK077A01'),(5,5000000,0,10,11,78,'20241025_104043_몽클4.jpg','몽클레어 점퍼','MC078A01');
/*!40000 ALTER TABLE `item` ENABLE KEYS */;
UNLOCK TABLES;

--
-- Table structure for table `item_usage`
--

DROP TABLE IF EXISTS `item_usage`;
/*!40101 SET @saved_cs_client     = @@character_set_client */;
/*!50503 SET character_set_client = utf8mb4 */;
CREATE TABLE `item_usage` (
  `usage_num` int NOT NULL,
  `item_id` bigint NOT NULL,
  `usage_id` bigint NOT NULL AUTO_INCREMENT,
  `usage_time` datetime(6) NOT NULL,
  `user_seq` bigint NOT NULL,
  `total_code` varchar(255) NOT NULL,
  PRIMARY KEY (`usage_id`),
  KEY `FKbebvge1kwk5b3hxyrytq50bx7` (`item_id`),
  KEY `FK7uievwuh2d5ta7cpn9xcq32bn` (`user_seq`),
  CONSTRAINT `FK7uievwuh2d5ta7cpn9xcq32bn` FOREIGN KEY (`user_seq`) REFERENCES `user` (`user_seq`),
  CONSTRAINT `FKbebvge1kwk5b3hxyrytq50bx7` FOREIGN KEY (`item_id`) REFERENCES `item` (`item_id`)
) ENGINE=InnoDB AUTO_INCREMENT=33 DEFAULT CHARSET=utf8mb4 COLLATE=utf8mb4_0900_ai_ci;
/*!40101 SET character_set_client = @saved_cs_client */;

--
-- Dumping data for table `item_usage`
--

LOCK TABLES `item_usage` WRITE;
/*!40000 ALTER TABLE `item_usage` DISABLE KEYS */;
INSERT INTO `item_usage` VALUES (1,8,1,'2024-01-24 12:31:41.423493',16,'YH08A01'),(1,8,2,'2024-01-24 12:31:56.527477',7,'YH08A01'),(3,30,3,'2024-07-29 15:23:00.078818',17,'DA030A01'),(11,27,4,'2024-05-16 15:23:24.952116',14,'SS027A01'),(8,35,5,'2024-07-30 15:23:48.607977',17,'DH035A01'),(10,35,6,'2024-03-22 15:27:01.686764',10,'DH035A01'),(6,34,7,'2024-10-12 15:27:26.345883',10,'SS034A01'),(28,38,8,'2024-05-31 15:27:53.565648',4,'DH038A01'),(1,38,9,'2024-06-01 15:28:15.383207',16,'DH038A01'),(3,41,10,'2024-05-20 15:28:31.867964',5,'DA041A01'),(2,42,11,'2024-04-04 15:29:43.739848',4,'YH042A01'),(5,43,12,'2024-03-19 15:30:56.464891',3,'MD043A01'),(2,46,13,'2024-01-12 15:32:02.150870',16,'DH046A01'),(3,52,14,'2024-09-05 15:33:12.711517',4,'YH052A01'),(26,53,15,'2024-10-24 15:36:38.680184',17,'SS053A01'),(2,53,16,'2024-10-25 15:38:17.945616',9,'SS053A01'),(15,50,17,'2024-01-24 15:38:34.890399',6,'DK050A01'),(1,29,18,'2024-10-24 18:19:19.247245',13,'DK029A01'),(1,29,19,'2024-10-24 18:32:23.159720',13,'DK029A01'),(1,29,25,'2024-10-24 19:34:11.256209',13,'DK029A01'),(1,29,26,'2024-10-24 19:34:19.980803',13,'DK029A01'),(50,77,27,'2024-09-30 15:56:05.291023',2,'DK077A01'),(50,77,28,'2024-10-08 11:08:23.109231',2,'DK077A01'),(50,77,29,'2024-10-15 16:12:45.856402',2,'DK077A01'),(28,77,30,'2024-10-20 08:45:23.650128',2,'DK077A01'),(19,77,31,'2024-10-24 18:12:57.150129',2,'DK077A01'),(1,77,32,'2024-10-25 10:29:30.052776',1,'DK077A01');
/*!40000 ALTER TABLE `item_usage` ENABLE KEYS */;
UNLOCK TABLES;

--
-- Table structure for table `purchase`
--

DROP TABLE IF EXISTS `purchase`;
/*!40101 SET @saved_cs_client     = @@character_set_client */;
/*!50503 SET character_set_client = utf8mb4 */;
CREATE TABLE `purchase` (
  `req_num` int NOT NULL,
  `approved_time` datetime(6) DEFAULT NULL,
  `item_id` bigint NOT NULL,
  `purchase_id` bigint NOT NULL AUTO_INCREMENT,
  `req_time` datetime(6) NOT NULL,
  `user_seq` bigint NOT NULL,
  `approval_comment` varchar(255) DEFAULT NULL,
  `new_yn` varchar(255) NOT NULL,
  `req_comment` varchar(255) DEFAULT NULL,
  `title` varchar(255) NOT NULL,
  `approved_status` enum('APPROVE','CANCEL','IN_STOCK','WAIT') NOT NULL,
  PRIMARY KEY (`purchase_id`),
  KEY `FKemduimgakuywg7g70dd54sshw` (`item_id`),
  KEY `FKl61mkwipyhgegtqhl5uxcapc1` (`user_seq`),
  CONSTRAINT `FKemduimgakuywg7g70dd54sshw` FOREIGN KEY (`item_id`) REFERENCES `item` (`item_id`),
  CONSTRAINT `FKl61mkwipyhgegtqhl5uxcapc1` FOREIGN KEY (`user_seq`) REFERENCES `user` (`user_seq`)
) ENGINE=InnoDB AUTO_INCREMENT=79 DEFAULT CHARSET=utf8mb4 COLLATE=utf8mb4_0900_ai_ci;
/*!40101 SET character_set_client = @saved_cs_client */;

--
-- Dumping data for table `purchase`
--

LOCK TABLES `purchase` WRITE;
/*!40000 ALTER TABLE `purchase` DISABLE KEYS */;
INSERT INTO `purchase` VALUES (100,'2024-01-24 12:16:45.832020',8,5,'2024-01-22 11:27:34.439422',6,'사용하시면 됩니다','Y','혈당측정 스트립 부족으로 인해 구매요청합니다.','혈당측정 스트립 요청합니다.','IN_STOCK'),(20,NULL,9,6,'2024-10-25 09:35:28.666635',18,NULL,'Y','붕대 여유분 구매를 위해 요청합니다.','메디랜드 붕대 구입 요청합니다.','IN_STOCK'),(200,NULL,12,9,'2024-10-25 08:46:18.731511',3,NULL,'Y','거즈 구매요청합니다!!','거즈 요청합니다!!','IN_STOCK'),(100,NULL,15,12,'2024-10-25 09:20:01.064194',8,NULL,'Y','의료용 장갑이 부족합니다. 장갑 구매해주십시오.','의료용 장갑 필요합니다','IN_STOCK'),(25,NULL,17,14,'2024-10-24 12:00:49.109345',10,NULL,'Y','일회용 체온계 여유분 구매요청.','일회용 체온계 여유분 구매요청합니다!','IN_STOCK'),(60,'2024-02-24 17:18:07.907669',19,16,'2024-02-24 08:03:23.925139',13,'안됩니다','Y','수술 할 때 환자 상처 봉합용으로 필요합니다','상처 봉합용 나일론 실  필요합니다','CANCEL'),(10,NULL,20,17,'2024-10-24 09:54:08.133154',3,NULL,'Y','알콜 소독제 구매 요청합니다.','알콜 소독제 부족으로 구매 요청','IN_STOCK'),(100,NULL,21,18,'2024-10-22 18:06:04.475399',7,NULL,'Y','주사 바늘 재고 부족으로 구매 요청합니다','주사바늘 재고 부족으로 구매 요청','IN_STOCK'),(10,'2024-04-12 17:19:26.466809',22,19,'2024-04-11 10:07:20.115146',6,'네 진행하세요','Y','환자 상태 진찰.진단 할 때 필요합니다','펜 라이트 필요합니다','IN_STOCK'),(10,NULL,23,20,'2024-10-23 14:07:39.181998',6,NULL,'Y','환자용 인공호흡기 필터가 필요합니다.','인공호흡기 필터 구매 요청합니다','IN_STOCK'),(50,NULL,24,21,'2024-10-24 12:08:46.221800',11,NULL,'Y','정맥 주사 세트 구매요청합니다.','정맥주사 세트','IN_STOCK'),(7,'2024-07-29 08:21:46.463593',25,22,'2024-07-28 11:10:37.077402',17,'네 진행 하세요','Y','입원 환자들 영양케어용으로 필요합니다','수액세트(I.V Set) 구매요청','IN_STOCK'),(100,NULL,26,23,'2024-10-22 17:16:16.046327',17,NULL,'Y','면봉 구매 요청합니다!!','면봉 요청합니다!!!!','IN_STOCK'),(50,'2024-05-15 16:08:29.461655',27,24,'2024-05-15 11:18:25.734219',16,'네 진행하세요','Y','환자 치료 후 부착 목적으로 상처용 패치 구매 요청.','상처용 패치가 없습니다.','IN_STOCK'),(1,'2024-02-04 14:45:42.986945',28,25,'2024-02-03 11:18:42.515944',12,'안됩니다','Y','기구 살균 소독용으로 필요합니다','무독성 살균 소독제 하이크로에스 필요합니다','CANCEL'),(100,'2024-10-24 19:51:26.353764',29,26,'2024-10-18 09:19:21.860054',10,'네 진행하세요','Y','환자 기록용 용지가 부족합니다. 구매바랍니다.','환자 기록용지 재고 부족.','IN_STOCK'),(10,'2024-10-13 10:43:33.865786',30,27,'2024-10-13 08:31:31.654866',12,'네 진행하세요','Y','기록 부착용 라벨지 구매 요청합니다','라벨지 구매 요청합니다.','IN_STOCK'),(100,'2024-07-09 15:25:48.099024',31,28,'2024-07-08 12:21:36.355694',12,'구매 진행해주세요','Y','의료 폐기물 처리를 위한 봉투 구매 요청','의료 폐기물 봉투 구매해주세요','IN_STOCK'),(100,NULL,32,29,'2024-10-24 15:22:35.220787',5,NULL,'Y','소독용 알콜솜 요청합니다.','소독용 알콜솜 요청서','IN_STOCK'),(10,'2024-10-12 14:02:59.773633',34,31,'2024-10-12 08:05:16.391930',9,'네 진행하세요','Y','환자 흉부 촬영용으로 필요합니다','엑스레이 필름 구매요청','IN_STOCK'),(50,'2024-03-21 11:42:43.826088',35,32,'2024-03-20 12:45:45.332060',5,'네 진행하세요','Y','수술용 장갑 구매 요청합니다.','수술용 장갑 구매 요청합니다.','IN_STOCK'),(1,'2024-10-21 15:49:46.886093',36,33,'2024-10-21 14:27:09.067194',10,'안됩니다','Y','시설 청소용 세제 필요합니다','청소용 세제 필요합니다','CANCEL'),(30,'2024-06-01 17:14:57.475786',37,34,'2024-05-30 14:27:21.575843',3,'안됩니다','Y','영양제 구매 요청서','영양제 구매 요청서','CANCEL'),(5,'2024-05-31 11:03:33.865786',38,35,'2024-05-28 18:31:31.654866',13,'네진행하세요','Y','환자 수술용으로 필요합니다','일회용 멸균포 급합니다.','IN_STOCK'),(100,'2024-08-30 14:14:43.881391',39,36,'2024-08-29 10:32:34.733746',7,'안됩니다 ','Y','재고 부족으로 인한 구매 요청','혈액 채취 튜브 재고 부족합니다.','CANCEL'),(50,'2024-07-29 08:15:38.262426',40,37,'2024-07-28 09:33:48.020019',11,'안됩니다','Y','의료장비에 감쌀 방수지 입니다','위생 방수지 구매요청','CANCEL'),(20,'2024-05-19 16:28:45.662733',41,38,'2024-05-18 11:05:09.728735',12,'네 진행하세요','Y','환자 투여용 경구 약품이 필요합니다. 구매해주시기 바랍니다.','경구 투여용 약품을 필요로 합니다.','IN_STOCK'),(10,'2024-04-04 09:41:52.001878',42,39,'2024-04-01 16:34:56.470963',11,'네진행하세요','Y','산소 마스크 구매요청합니다.','산소 마스크 구매요청!','IN_STOCK'),(5,'2024-03-18 16:42:08.782831',43,40,'2024-03-16 12:35:55.282432',15,'네 진행하세요','Y','입원실과 원무과에 티슈가 다 떨어졌네요','구매요청 소독 살균 티슈 ','IN_STOCK'),(100,'2024-01-05 11:13:48.912755',44,41,'2024-01-04 17:36:16.881384',8,'안됩니다','Y','환자가 복용하기 위해 약을 담을 투약병입니다. 구매 요청합니다.','투약병 구매바랍니다.','CANCEL'),(16,'2024-06-26 12:14:11.059470',45,42,'2024-06-25 09:37:21.633001',8,'안됩니다','Y','제목과 동일합니다. ','의료용 테이프 구매요청','CANCEL'),(10,'2024-01-11 15:22:43.988283',46,43,'2024-01-08 16:07:56.555421',14,'네진행하세요','Y','지혈대 구매 요청합니다!','지혈대 구매바랍니다!!','IN_STOCK'),(30,'2024-04-20 17:13:09.069423',47,44,'2024-04-20 08:38:21.662751',11,'안됩니다','Y','환자 교체용으로 필요합니다','에어웨이 구매요청','CANCEL'),(20,'2024-08-07 10:13:25.417176',48,45,'2024-08-06 18:39:08.612410',13,'안돼요','Y','청소용으로 필요로 합니다.','청소를 위한 청소포 구매요청','CANCEL'),(50,'2024-03-05 15:12:53.800363',49,46,'2024-03-04 18:40:10.229256',10,'안됩니다 ','Y','파스 재고 부족으로 인한 구매 요청입니다.','파스가 없습니다. 재고 부족합니다.','CANCEL'),(42,'2024-01-14 11:41:23.024305',50,47,'2024-01-12 15:40:46.052874',9,'네 진행하세요','Y','수술실용입니다 급합니다 ','구매요청 드레싱 밴드','IN_STOCK'),(10,'2024-07-24 15:09:37.342315',51,48,'2024-07-23 09:40:49.409419',15,'네 진행하세요','Y','감열지 구매해주시기 바랍니다.','감열지 부족합니다.','IN_STOCK'),(10,'2024-09-05 18:16:04.914534',52,49,'2024-09-05 09:15:35.831429',13,'네 진행하세요','Y','구급함 구매 요청입니다.','구급함 구매바랍니다.','IN_STOCK'),(100,'2024-10-24 09:03:22.671244',53,50,'2024-10-23 17:42:16.354791',16,'네 진행하세요','Y','시력검사용으로 필요합니다','구매요청 일회용 눈가리개','IN_STOCK'),(30,'2024-10-02 15:15:19.038820',54,51,'2024-10-02 12:43:18.500997',9,'네 진행하세요','Y','환자 치료용 연고가 필요합니다. 구매 요청서 올립니다.','환자 치료용 연고 구매바랍니다.','IN_STOCK'),(10,'2024-05-04 14:09:28.857952',55,52,'2024-05-03 12:44:07.594005',10,'네 진행하세요','Y','기구 소독을 위해 뿌리는 소독제가 필요합니다.','스프레이형 기구 소독제 구매 요청','IN_STOCK'),(200,'2024-02-04 14:48:09.271212',56,53,'2024-02-01 12:44:26.201910',6,'네 진행하세요','Y','환자 상처 지혈용으로 필요합니다','구매요청 필터형 코튼볼','IN_STOCK'),(100,'2024-09-20 17:08:36.431095',57,54,'2024-09-18 13:45:02.760753',11,'네 진행하세요','Y','환자 채혈용 채혈침 구매 요청합니다!!!!!','일회용 채혈침 구매 요청합니다!!','IN_STOCK'),(100,'2024-09-14 16:08:57.665212',58,55,'2024-09-11 12:47:05.968766',18,'네 진행하세요','Y','수술용 위생을 위한 간호사 라운드 캡 구매요청합니다.','간호사용 라운드 캡 요청합니다.','IN_STOCK'),(300,'2024-02-01 14:08:29.993138',59,56,'2024-02-01 09:47:59.594096',6,'네 진행하세요','Y','공캡슐 필요합니다','구매요청 공캡슐','IN_STOCK'),(100,'2024-08-17 15:08:17.317315',60,57,'2024-08-16 12:48:15.169319',8,'네 진행하세요','Y','수술용으로 필요한 비닐 가운 구매요청입니다.','수술용 비닐가운 필요합니다.','IN_STOCK'),(25,'2024-06-10 14:43:54.268990',61,58,'2024-06-08 12:22:35.220787',18,'네 진행해주세요','Y','요산 측정을 위한 시험지 구매 바랍니다.','요산시험지 구매 요청','IN_STOCK'),(50,'2024-04-06 14:08:05.933876',62,59,'2024-04-06 12:50:15.394144',16,'네 진행하세요','Y','환자 진찰,상태 확인용으로 필요합니다','구매요청 일회용 멸균 설압자','IN_STOCK'),(10,'2024-03-31 14:07:02.200306',63,60,'2024-03-28 13:51:21.810269',7,'네 진행하세요','Y','코로나 진단용으로 필요합니다','구매요청 코로나 자가진단 키트','IN_STOCK'),(100,'2024-10-25 09:20:35.474222',75,74,'2024-10-25 09:18:53.651950',1,'네 진행 해 주세요','Y','상기와 같이 주사기 신규 비품 등록 요청 드리오니, 재가 바랍니다.','주사기 신규 비품 등록 요청드립니다.','APPROVE'),(400,'2024-10-25 10:38:50.895824',77,76,'2024-10-18 09:38:21.037121',15,'확인했습니다.','N','의료용 마스크 요청합니다.','의료용 마스크','IN_STOCK'),(199,'2024-10-25 10:33:34.727302',77,77,'2024-10-25 10:33:01.654144',1,'확인했습니다. 구매해주세요.','N','적정 수량 미만에 의한 추가 구매 요청드립니다.','마스크 추가 구매 요청합니다.','APPROVE'),(30,'2024-10-25 10:42:25.604862',78,78,'2024-10-25 10:41:43.474005',1,'병원 돈으로 사리사욕 채우시면 안됩니다.','Y','추워지는 날씨 간호사들의 따뜻한 근무환경을 위해 몽클레어 점퍼를 근무복으로 신규 비품 등록 요청합니다^^','근무복 신규 비품 등록 요청합니다.','CANCEL');
/*!40000 ALTER TABLE `purchase` ENABLE KEYS */;
UNLOCK TABLES;

--
-- Table structure for table `refresh_token_entity`
--

DROP TABLE IF EXISTS `refresh_token_entity`;
/*!40101 SET @saved_cs_client     = @@character_set_client */;
/*!50503 SET character_set_client = utf8mb4 */;
CREATE TABLE `refresh_token_entity` (
  `expiry_date` datetime(6) NOT NULL,
  `id` bigint NOT NULL AUTO_INCREMENT,
  `user_seq` bigint DEFAULT NULL,
  `refresh_token` text NOT NULL,
  PRIMARY KEY (`id`),
  KEY `FKsofjlof390iycg14mwyt1msr0` (`user_seq`),
  CONSTRAINT `FKsofjlof390iycg14mwyt1msr0` FOREIGN KEY (`user_seq`) REFERENCES `user` (`user_seq`)
) ENGINE=InnoDB AUTO_INCREMENT=182 DEFAULT CHARSET=utf8mb4 COLLATE=utf8mb4_0900_ai_ci;
/*!40101 SET character_set_client = @saved_cs_client */;

--
-- Dumping data for table `refresh_token_entity`
--

LOCK TABLES `refresh_token_entity` WRITE;
/*!40000 ALTER TABLE `refresh_token_entity` DISABLE KEYS */;
INSERT INTO `refresh_token_entity` VALUES ('2024-10-25 10:52:06.674342',1,2,'eyJ0eXAiOiJKV1QiLCJhbGciOiJIUzI1NiJ9.eyJpc3MiOiJqYXZhNDA1X3RlYW0xX2ZpbmFsX2lzc3VlciIsImlhdCI6MTcyOTczNDcyNiwiZXhwIjoxNzI5ODIxMTI2LCJzdWIiOiJrb3RsaW5lQGdtYWlsLmNvbSIsInVzZXJOaWNrIjoi7Jik64yA7JiBIiwidXNlclJvbGUiOiJST0xFX1VTRVIiLCJ1c2VySWQiOiJzZW5pb3IxIiwiZW1haWwiOiJrb3RsaW5lQGdtYWlsLmNvbSJ9.Uu2cFIQtBgxl6ivlttBcgjZQQ2R9e-1QOpl-IlEOVpk'),('2024-10-25 10:52:43.643254',2,2,'eyJ0eXAiOiJKV1QiLCJhbGciOiJIUzI1NiJ9.eyJpc3MiOiJqYXZhNDA1X3RlYW0xX2ZpbmFsX2lzc3VlciIsImlhdCI6MTcyOTczNDc2MywiZXhwIjoxNzI5ODIxMTYzLCJzdWIiOiJrb3RsaW5lQGdtYWlsLmNvbSIsInVzZXJOaWNrIjoi7Jik64yA7JiBIiwidXNlclJvbGUiOiJST0xFX1VTRVIiLCJ1c2VySWQiOiJzZW5pb3IxIiwiZW1haWwiOiJrb3RsaW5lQGdtYWlsLmNvbSJ9.C644Dcd5hTD432qz8BaMvFhWDjpaQEbpywSyytmCKQc'),('2024-10-25 10:53:04.239074',3,2,'eyJ0eXAiOiJKV1QiLCJhbGciOiJIUzI1NiJ9.eyJpc3MiOiJqYXZhNDA1X3RlYW0xX2ZpbmFsX2lzc3VlciIsImlhdCI6MTcyOTczNDc4NCwiZXhwIjoxNzI5ODIxMTg0LCJzdWIiOiJrb3RsaW5lQGdtYWlsLmNvbSIsInVzZXJOaWNrIjoi7Jik64yA7JiBIiwidXNlclJvbGUiOiJST0xFX1VTRVIiLCJ1c2VySWQiOiJzZW5pb3IxIiwiZW1haWwiOiJrb3RsaW5lQGdtYWlsLmNvbSJ9.g1OTfPIcizcUll861gLERdwDscIyt4PCTPq0gyjodF0'),('2024-10-25 10:53:14.654914',4,2,'eyJ0eXAiOiJKV1QiLCJhbGciOiJIUzI1NiJ9.eyJpc3MiOiJqYXZhNDA1X3RlYW0xX2ZpbmFsX2lzc3VlciIsImlhdCI6MTcyOTczNDc5NCwiZXhwIjoxNzI5ODIxMTk0LCJzdWIiOiJrb3RsaW5lQGdtYWlsLmNvbSIsInVzZXJOaWNrIjoi7Jik64yA7JiBIiwidXNlclJvbGUiOiJST0xFX1NFTklPUl9NQU5BR0VSIiwidXNlcklkIjoic2VuaW9yMSIsImVtYWlsIjoia290bGluZUBnbWFpbC5jb20ifQ.OEiJZ2PqlQFNe-xk6JvkRVTji8jhIvBfMI8K5wkhn_Q'),('2024-10-25 10:53:14.477294',5,2,'eyJ0eXAiOiJKV1QiLCJhbGciOiJIUzI1NiJ9.eyJpc3MiOiJqYXZhNDA1X3RlYW0xX2ZpbmFsX2lzc3VlciIsImlhdCI6MTcyOTczNDc5NCwiZXhwIjoxNzI5ODIxMTk0LCJzdWIiOiJrb3RsaW5lQGdtYWlsLmNvbSIsInVzZXJOaWNrIjoi7Jik64yA7JiBIiwidXNlclJvbGUiOiJST0xFX1NFTklPUl9NQU5BR0VSIiwidXNlcklkIjoic2VuaW9yMSIsImVtYWlsIjoia290bGluZUBnbWFpbC5jb20ifQ.OEiJZ2PqlQFNe-xk6JvkRVTji8jhIvBfMI8K5wkhn_Q'),('2024-10-25 10:53:22.408537',6,2,'eyJ0eXAiOiJKV1QiLCJhbGciOiJIUzI1NiJ9.eyJpc3MiOiJqYXZhNDA1X3RlYW0xX2ZpbmFsX2lzc3VlciIsImlhdCI6MTcyOTczNDgwMiwiZXhwIjoxNzI5ODIxMjAyLCJzdWIiOiJrb3RsaW5lQGdtYWlsLmNvbSIsInVzZXJOaWNrIjoi7Jik64yA7JiBIiwidXNlclJvbGUiOiJST0xFX1NFTklPUl9NQU5BR0VSIiwidXNlcklkIjoic2VuaW9yMSIsImVtYWlsIjoia290bGluZUBnbWFpbC5jb20ifQ.pn49p8qYLs-N5Gqxwg4pf5-fHhHI3wGY6_jnJLylOro'),('2024-10-25 10:54:05.757705',7,1,'eyJ0eXAiOiJKV1QiLCJhbGciOiJIUzI1NiJ9.eyJpc3MiOiJqYXZhNDA1X3RlYW0xX2ZpbmFsX2lzc3VlciIsImlhdCI6MTcyOTczNDg0NSwiZXhwIjoxNzI5ODIxMjQ1LCJzdWIiOiJqYXZhbWFuYWdlckBuYXZlci5jb20iLCJ1c2VyTmljayI6Iu2ZqeyImOyglSIsInVzZXJSb2xlIjoiUk9MRV9NQU5BR0VSIiwidXNlcklkIjoibWFuYWdlcjEiLCJlbWFpbCI6ImphdmFtYW5hZ2VyQG5hdmVyLmNvbSJ9.oW3d1LJZIEeMibA5owAbp-PFqJuKQSxL-LUr90aCH-s'),('2024-10-25 10:54:25.024905',8,1,'eyJ0eXAiOiJKV1QiLCJhbGciOiJIUzI1NiJ9.eyJpc3MiOiJqYXZhNDA1X3RlYW0xX2ZpbmFsX2lzc3VlciIsImlhdCI6MTcyOTczNDg2NSwiZXhwIjoxNzI5ODIxMjY1LCJzdWIiOiJqYXZhbWFuYWdlckBuYXZlci5jb20iLCJ1c2VyTmljayI6Iu2ZqeyImOyglSIsInVzZXJSb2xlIjoiUk9MRV9NQU5BR0VSIiwidXNlcklkIjoibWFuYWdlcjEiLCJlbWFpbCI6ImphdmFtYW5hZ2VyQG5hdmVyLmNvbSJ9.VyPe5iSrX0--Wvo8j_iJgxCFKXXaMQqEZbJEpNX_xJE'),('2024-10-25 11:04:10.773486',9,1,'eyJ0eXAiOiJKV1QiLCJhbGciOiJIUzI1NiJ9.eyJpc3MiOiJqYXZhNDA1X3RlYW0xX2ZpbmFsX2lzc3VlciIsImlhdCI6MTcyOTczNTQ1MCwiZXhwIjoxNzI5ODIxODUwLCJzdWIiOiJqYXZhbWFuYWdlckBuYXZlci5jb20iLCJ1c2VyTmljayI6Iu2ZqeyImOyglSIsInVzZXJSb2xlIjoiUk9MRV9NQU5BR0VSIiwidXNlcklkIjoibWFuYWdlcjEiLCJlbWFpbCI6ImphdmFtYW5hZ2VyQG5hdmVyLmNvbSJ9.ZJjuMsMjOyYbupc--pMMO-h-ferZXb8DcLQ-YHCfr_A'),('2024-10-25 11:05:27.274006',10,1,'eyJ0eXAiOiJKV1QiLCJhbGciOiJIUzI1NiJ9.eyJpc3MiOiJqYXZhNDA1X3RlYW0xX2ZpbmFsX2lzc3VlciIsImlhdCI6MTcyOTczNTUyNywiZXhwIjoxNzI5ODIxOTI3LCJzdWIiOiJqYXZhbWFuYWdlckBuYXZlci5jb20iLCJ1c2VyTmljayI6Iu2ZqeyImOyglSIsInVzZXJSb2xlIjoiUk9MRV9NQU5BR0VSIiwidXNlcklkIjoibWFuYWdlcjEiLCJlbWFpbCI6ImphdmFtYW5hZ2VyQG5hdmVyLmNvbSJ9.v88DG3pZ0SZi6skp0v0zKCgPpj7xV5GbwgxTPmAqhzw'),('2024-10-25 11:05:37.062688',11,1,'eyJ0eXAiOiJKV1QiLCJhbGciOiJIUzI1NiJ9.eyJpc3MiOiJqYXZhNDA1X3RlYW0xX2ZpbmFsX2lzc3VlciIsImlhdCI6MTcyOTczNTUzNywiZXhwIjoxNzI5ODIxOTM3LCJzdWIiOiJqYXZhbWFuYWdlckBuYXZlci5jb20iLCJ1c2VyTmljayI6Iu2ZqeyImOyglSIsInVzZXJSb2xlIjoiUk9MRV9NQU5BR0VSIiwidXNlcklkIjoibWFuYWdlcjEiLCJlbWFpbCI6ImphdmFtYW5hZ2VyQG5hdmVyLmNvbSJ9.Nn_9fP2leK258Un5k_jkLqsPF7pLfe5OgG0vZShydW0'),('2024-10-25 11:06:47.128152',12,1,'eyJ0eXAiOiJKV1QiLCJhbGciOiJIUzI1NiJ9.eyJpc3MiOiJqYXZhNDA1X3RlYW0xX2ZpbmFsX2lzc3VlciIsImlhdCI6MTcyOTczNTYwNywiZXhwIjoxNzI5ODIyMDA3LCJzdWIiOiJqYXZhbWFuYWdlckBuYXZlci5jb20iLCJ1c2VyTmljayI6Iu2ZqeyImOyglSIsInVzZXJSb2xlIjoiUk9MRV9NQU5BR0VSIiwidXNlcklkIjoibWFuYWdlcjEiLCJlbWFpbCI6ImphdmFtYW5hZ2VyQG5hdmVyLmNvbSJ9.ppAyf9p-2Q5btU1HgEdHReunov57MBa-lQlUxK0eDaw'),('2024-10-25 11:12:32.152452',13,1,'eyJ0eXAiOiJKV1QiLCJhbGciOiJIUzI1NiJ9.eyJpc3MiOiJqYXZhNDA1X3RlYW0xX2ZpbmFsX2lzc3VlciIsImlhdCI6MTcyOTczNTk1MiwiZXhwIjoxNzI5ODIyMzUyLCJzdWIiOiJqYXZhbWFuYWdlckBuYXZlci5jb20iLCJ1c2VyTmljayI6Iu2ZqeyImOyglSIsInVzZXJSb2xlIjoiUk9MRV9NQU5BR0VSIiwidXNlcklkIjoibWFuYWdlcjEiLCJlbWFpbCI6ImphdmFtYW5hZ2VyQG5hdmVyLmNvbSJ9.Nbjj7uHzeRvAtVpPdrBMz7zZyYImm7V1SSzxMtF1TL4'),('2024-10-25 11:14:10.253327',14,1,'eyJ0eXAiOiJKV1QiLCJhbGciOiJIUzI1NiJ9.eyJpc3MiOiJqYXZhNDA1X3RlYW0xX2ZpbmFsX2lzc3VlciIsImlhdCI6MTcyOTczNjA1MCwiZXhwIjoxNzI5ODIyNDUwLCJzdWIiOiJqYXZhbWFuYWdlckBuYXZlci5jb20iLCJ1c2VyTmljayI6Iu2ZqeyImOyglSIsInVzZXJSb2xlIjoiUk9MRV9NQU5BR0VSIiwidXNlcklkIjoibWFuYWdlcjEiLCJlbWFpbCI6ImphdmFtYW5hZ2VyQG5hdmVyLmNvbSJ9.zuW-8kRM6fILBBt0iuHJtd4SwvnksSKUdkorLT268B4'),('2024-10-25 11:15:51.328261',15,2,'eyJ0eXAiOiJKV1QiLCJhbGciOiJIUzI1NiJ9.eyJpc3MiOiJqYXZhNDA1X3RlYW0xX2ZpbmFsX2lzc3VlciIsImlhdCI6MTcyOTczNjE1MSwiZXhwIjoxNzI5ODIyNTUxLCJzdWIiOiJrb3RsaW5lQGdtYWlsLmNvbSIsInVzZXJOaWNrIjoi7Jik64yA7JiBIiwidXNlclJvbGUiOiJST0xFX1NFTklPUl9NQU5BR0VSIiwidXNlcklkIjoic2VuaW9yMSIsImVtYWlsIjoia290bGluZUBnbWFpbC5jb20ifQ.E_sOA4pc5xITem954E7NEdUxMOL6L5db1lHoV-4NLJI'),('2024-10-25 11:19:51.661849',16,1,'eyJ0eXAiOiJKV1QiLCJhbGciOiJIUzI1NiJ9.eyJpc3MiOiJqYXZhNDA1X3RlYW0xX2ZpbmFsX2lzc3VlciIsImlhdCI6MTcyOTczNjM5MSwiZXhwIjoxNzI5ODIyNzkxLCJzdWIiOiJqYXZhbWFuYWdlckBuYXZlci5jb20iLCJ1c2VyTmljayI6Iu2ZqeyImOyglSIsInVzZXJSb2xlIjoiUk9MRV9NQU5BR0VSIiwidXNlcklkIjoibWFuYWdlcjEiLCJlbWFpbCI6ImphdmFtYW5hZ2VyQG5hdmVyLmNvbSJ9.9skNdLaMDv624qB14865GGKzSk0WZa-kUGwhhK4aMrU'),('2024-10-25 11:20:58.597322',17,3,'eyJ0eXAiOiJKV1QiLCJhbGciOiJIUzI1NiJ9.eyJpc3MiOiJqYXZhNDA1X3RlYW0xX2ZpbmFsX2lzc3VlciIsImlhdCI6MTcyOTczNjQ1OCwiZXhwIjoxNzI5ODIyODU4LCJzdWIiOiJqYXZhQGRhdW0ubmV0IiwidXNlck5pY2siOiLsnbTsirntmIQiLCJ1c2VyUm9sZSI6IlJPTEVfVVNFUiIsInVzZXJJZCI6InVzZXIxIiwiZW1haWwiOiJqYXZhQGRhdW0ubmV0In0.eTORZe16DdAkaybkI03VlUG9IUbEngTO3_N71iz0MQI'),('2024-10-25 11:25:47.027097',18,1,'eyJ0eXAiOiJKV1QiLCJhbGciOiJIUzI1NiJ9.eyJpc3MiOiJqYXZhNDA1X3RlYW0xX2ZpbmFsX2lzc3VlciIsImlhdCI6MTcyOTczNjc0NywiZXhwIjoxNzI5ODIzMTQ3LCJzdWIiOiJqYXZhbWFuYWdlckBuYXZlci5jb20iLCJ1c2VyTmljayI6Iu2ZqeyImOyglSIsInVzZXJSb2xlIjoiUk9MRV9NQU5BR0VSIiwidXNlcklkIjoibWFuYWdlcjEiLCJlbWFpbCI6ImphdmFtYW5hZ2VyQG5hdmVyLmNvbSJ9.J4Q4R0NLAQ4j2hwwoX7Qas8ilEeTQrITuzHX7z20xS0'),('2024-10-25 11:26:19.819718',19,2,'eyJ0eXAiOiJKV1QiLCJhbGciOiJIUzI1NiJ9.eyJpc3MiOiJqYXZhNDA1X3RlYW0xX2ZpbmFsX2lzc3VlciIsImlhdCI6MTcyOTczNjc3OSwiZXhwIjoxNzI5ODIzMTc5LCJzdWIiOiJrb3RsaW5lQGdtYWlsLmNvbSIsInVzZXJOaWNrIjoi7Jik64yA7JiBIiwidXNlclJvbGUiOiJST0xFX1NFTklPUl9NQU5BR0VSIiwidXNlcklkIjoic2VuaW9yMSIsImVtYWlsIjoia290bGluZUBnbWFpbC5jb20ifQ.HV5Ay63kFhJAHmCFab0EDE1KBxmlZcwu5enIxBetAao'),('2024-10-25 11:28:07.171246',20,2,'eyJ0eXAiOiJKV1QiLCJhbGciOiJIUzI1NiJ9.eyJpc3MiOiJqYXZhNDA1X3RlYW0xX2ZpbmFsX2lzc3VlciIsImlhdCI6MTcyOTczNjg4NywiZXhwIjoxNzI5ODIzMjg3LCJzdWIiOiJrb3RsaW5lQGdtYWlsLmNvbSIsInVzZXJOaWNrIjoi7Jik64yA7JiBIiwidXNlclJvbGUiOiJST0xFX1NFTklPUl9NQU5BR0VSIiwidXNlcklkIjoic2VuaW9yMSIsImVtYWlsIjoia290bGluZUBnbWFpbC5jb20ifQ.O5zwnG6Ilog8FoHrSKWolSrT2zhmB8oyq_Pn-hviJUM'),('2024-10-25 11:31:20.132458',21,3,'eyJ0eXAiOiJKV1QiLCJhbGciOiJIUzI1NiJ9.eyJpc3MiOiJqYXZhNDA1X3RlYW0xX2ZpbmFsX2lzc3VlciIsImlhdCI6MTcyOTczNzA4MCwiZXhwIjoxNzI5ODIzNDgwLCJzdWIiOiJqYXZhQGRhdW0ubmV0IiwidXNlck5pY2siOiLsnbTsirntmIQiLCJ1c2VyUm9sZSI6IlJPTEVfVVNFUiIsInVzZXJJZCI6InVzZXIxIiwiZW1haWwiOiJqYXZhQGRhdW0ubmV0In0.ST1MRaKjo0qoB1ayS41eEEDT-hTSdlHcfb4TUL64i0U'),('2024-10-25 11:31:24.392438',22,3,'eyJ0eXAiOiJKV1QiLCJhbGciOiJIUzI1NiJ9.eyJpc3MiOiJqYXZhNDA1X3RlYW0xX2ZpbmFsX2lzc3VlciIsImlhdCI6MTcyOTczNzA4NCwiZXhwIjoxNzI5ODIzNDg0LCJzdWIiOiJqYXZhQGRhdW0ubmV0IiwidXNlck5pY2siOiLsnbTsirntmIQiLCJ1c2VyUm9sZSI6IlJPTEVfVVNFUiIsInVzZXJJZCI6InVzZXIxIiwiZW1haWwiOiJqYXZhQGRhdW0ubmV0In0.VraC-3F9yDWhbGVIENQ1_EreRBN3PL7PlUeJ6S_Vbuw'),('2024-10-25 11:31:52.793993',23,2,'eyJ0eXAiOiJKV1QiLCJhbGciOiJIUzI1NiJ9.eyJpc3MiOiJqYXZhNDA1X3RlYW0xX2ZpbmFsX2lzc3VlciIsImlhdCI6MTcyOTczNzExMiwiZXhwIjoxNzI5ODIzNTEyLCJzdWIiOiJrb3RsaW5lQGdtYWlsLmNvbSIsInVzZXJOaWNrIjoi7Jik64yA7JiBIiwidXNlclJvbGUiOiJST0xFX1NFTklPUl9NQU5BR0VSIiwidXNlcklkIjoic2VuaW9yMSIsImVtYWlsIjoia290bGluZUBnbWFpbC5jb20ifQ.0zIG18Fm3Z3zFeMn4G4o-yDjNYcJG7GDUPdpiBOHOTI'),('2024-10-25 11:33:11.808052',24,3,'eyJ0eXAiOiJKV1QiLCJhbGciOiJIUzI1NiJ9.eyJpc3MiOiJqYXZhNDA1X3RlYW0xX2ZpbmFsX2lzc3VlciIsImlhdCI6MTcyOTczNzE5MSwiZXhwIjoxNzI5ODIzNTkxLCJzdWIiOiJqYXZhQGRhdW0ubmV0IiwidXNlck5pY2siOiLsnbTsirntmIQiLCJ1c2VyUm9sZSI6IlJPTEVfVVNFUiIsInVzZXJJZCI6InVzZXIxIiwiZW1haWwiOiJqYXZhQGRhdW0ubmV0In0.5eSPLKZJLorfhj-FWWqHDBSUgGzzcrBS2WJkYeg5MV4'),('2024-10-25 11:33:28.231911',25,4,'eyJ0eXAiOiJKV1QiLCJhbGciOiJIUzI1NiJ9.eyJpc3MiOiJqYXZhNDA1X3RlYW0xX2ZpbmFsX2lzc3VlciIsImlhdCI6MTcyOTczNzIwOCwiZXhwIjoxNzI5ODIzNjA4LCJzdWIiOiJzZXJ2bGV0QG5hdmVyLmNvbSIsInVzZXJOaWNrIjoi7Jik7ZiE7KeEIiwidXNlclJvbGUiOiJST0xFX1VTRVIiLCJ1c2VySWQiOiJ1c2VyMiIsImVtYWlsIjoic2VydmxldEBuYXZlci5jb20ifQ.sTGud3JZPmP4AQvn-3us0EE0GmbAHH_bdnc1n5og_Z8'),('2024-10-25 11:34:00.565899',26,14,'eyJ0eXAiOiJKV1QiLCJhbGciOiJIUzI1NiJ9.eyJpc3MiOiJqYXZhNDA1X3RlYW0xX2ZpbmFsX2lzc3VlciIsImlhdCI6MTcyOTczNzI0MCwiZXhwIjoxNzI5ODIzNjQwLCJzdWIiOiJtYW5hZ2VyQHlhaG9vLmNvbSIsInVzZXJOaWNrIjoi6rOg6ri464-ZIiwidXNlclJvbGUiOiJST0xFX01BTkFHRVIiLCJ1c2VySWQiOiJtYW5hZ2VyMiIsImVtYWlsIjoibWFuYWdlckB5YWhvby5jb20ifQ.Akn7Z3u_JnmW7zmWo74-xnarWcp39fB6hn4F3C60JAE'),('2024-10-25 11:34:39.412840',27,3,'eyJ0eXAiOiJKV1QiLCJhbGciOiJIUzI1NiJ9.eyJpc3MiOiJqYXZhNDA1X3RlYW0xX2ZpbmFsX2lzc3VlciIsImlhdCI6MTcyOTczNzI3OSwiZXhwIjoxNzI5ODIzNjc5LCJzdWIiOiJqYXZhQGRhdW0ubmV0IiwidXNlck5pY2siOiLsnbTsirntmIQiLCJ1c2VyUm9sZSI6IlJPTEVfVVNFUiIsInVzZXJJZCI6InVzZXIxIiwiZW1haWwiOiJqYXZhQGRhdW0ubmV0In0.FTo4Nmq9G7zbV0gx2wwgZAiFRrHaeotlq-seJwTG6xA'),('2024-10-25 11:35:26.011372',28,4,'eyJ0eXAiOiJKV1QiLCJhbGciOiJIUzI1NiJ9.eyJpc3MiOiJqYXZhNDA1X3RlYW0xX2ZpbmFsX2lzc3VlciIsImlhdCI6MTcyOTczNzMyNiwiZXhwIjoxNzI5ODIzNzI2LCJzdWIiOiJzZXJ2bGV0QG5hdmVyLmNvbSIsInVzZXJOaWNrIjoi7Jik7ZiE7KeEIiwidXNlclJvbGUiOiJST0xFX1VTRVIiLCJ1c2VySWQiOiJ1c2VyMiIsImVtYWlsIjoic2VydmxldEBuYXZlci5jb20ifQ.FEtkTzoef_-D8nov_RuYHiSkYJPA3l0yGIuOPcVi5tE'),('2024-10-25 11:35:52.368928',29,5,'eyJ0eXAiOiJKV1QiLCJhbGciOiJIUzI1NiJ9.eyJpc3MiOiJqYXZhNDA1X3RlYW0xX2ZpbmFsX2lzc3VlciIsImlhdCI6MTcyOTczNzM1MiwiZXhwIjoxNzI5ODIzNzUyLCJzdWIiOiJzcHJpbmdAZ21haWwuY29tIiwidXNlck5pY2siOiLsnbTsg4HquLAiLCJ1c2VyUm9sZSI6IlJPTEVfVVNFUiIsInVzZXJJZCI6InVzZXIzIiwiZW1haWwiOiJzcHJpbmdAZ21haWwuY29tIn0.sFvADcWckYCTIwNXjJ63oBW5_asfTxBEEUEmmjJwL60'),('2024-10-25 11:36:27.101975',30,15,'eyJ0eXAiOiJKV1QiLCJhbGciOiJIUzI1NiJ9.eyJpc3MiOiJqYXZhNDA1X3RlYW0xX2ZpbmFsX2lzc3VlciIsImlhdCI6MTcyOTczNzM4NywiZXhwIjoxNzI5ODIzNzg3LCJzdWIiOiJmcm9udGVuZEBuYXZlci5jb20iLCJ1c2VyTmljayI6IuydtOyImOq3vCIsInVzZXJSb2xlIjoiUk9MRV9NQU5BR0VSIiwidXNlcklkIjoibWFuYWdlcjMiLCJlbWFpbCI6ImZyb250ZW5kQG5hdmVyLmNvbSJ9.m9Kl5vD_33re_H9qMsdd6_-tRLeurR1DVc1_x0QMFiI'),('2024-10-25 11:37:49.266266',31,1,'eyJ0eXAiOiJKV1QiLCJhbGciOiJIUzI1NiJ9.eyJpc3MiOiJqYXZhNDA1X3RlYW0xX2ZpbmFsX2lzc3VlciIsImlhdCI6MTcyOTczNzQ2OSwiZXhwIjoxNzI5ODIzODY5LCJzdWIiOiJqYXZhbWFuYWdlckBuYXZlci5jb20iLCJ1c2VyTmljayI6Iu2ZqeyImOyglSIsInVzZXJSb2xlIjoiUk9MRV9NQU5BR0VSIiwidXNlcklkIjoibWFuYWdlcjEiLCJlbWFpbCI6ImphdmFtYW5hZ2VyQG5hdmVyLmNvbSJ9.kVbP9Z4nHz5-KzQSEoZZXptFFXO_0djXr3Tt_Y9IrZY'),('2024-10-25 11:38:49.801564',32,1,'eyJ0eXAiOiJKV1QiLCJhbGciOiJIUzI1NiJ9.eyJpc3MiOiJqYXZhNDA1X3RlYW0xX2ZpbmFsX2lzc3VlciIsImlhdCI6MTcyOTczNzUyOSwiZXhwIjoxNzI5ODIzOTI5LCJzdWIiOiJqYXZhbWFuYWdlckBuYXZlci5jb20iLCJ1c2VyTmljayI6Iu2ZqeyImOyglSIsInVzZXJSb2xlIjoiUk9MRV9NQU5BR0VSIiwidXNlcklkIjoibWFuYWdlcjEiLCJlbWFpbCI6ImphdmFtYW5hZ2VyQG5hdmVyLmNvbSJ9.Y_leUFNFx31zfiJpd9zp3I_v6w1fAxWga3A7z2N0GEw'),('2024-10-25 11:50:33.697144',33,1,'eyJ0eXAiOiJKV1QiLCJhbGciOiJIUzI1NiJ9.eyJpc3MiOiJqYXZhNDA1X3RlYW0xX2ZpbmFsX2lzc3VlciIsImlhdCI6MTcyOTczODIzMywiZXhwIjoxNzI5ODI0NjMzLCJzdWIiOiJqYXZhbWFuYWdlckBuYXZlci5jb20iLCJ1c2VyTmljayI6Iu2ZqeyImOyglSIsInVzZXJSb2xlIjoiUk9MRV9NQU5BR0VSIiwidXNlcklkIjoibWFuYWdlcjEiLCJlbWFpbCI6ImphdmFtYW5hZ2VyQG5hdmVyLmNvbSJ9.M5KQ7jcQI1pNPbLzx2_QXGWZEvw_67upPIY8mPr0XxQ'),('2024-10-25 12:21:58.768195',34,1,'eyJ0eXAiOiJKV1QiLCJhbGciOiJIUzI1NiJ9.eyJpc3MiOiJqYXZhNDA1X3RlYW0xX2ZpbmFsX2lzc3VlciIsImlhdCI6MTcyOTc0MDExOCwiZXhwIjoxNzI5ODI2NTE4LCJzdWIiOiJqYXZhbWFuYWdlckBuYXZlci5jb20iLCJ1c2VyTmljayI6Iu2ZqeyImOyglSIsInVzZXJSb2xlIjoiUk9MRV9NQU5BR0VSIiwidXNlcklkIjoibWFuYWdlcjEiLCJlbWFpbCI6ImphdmFtYW5hZ2VyQG5hdmVyLmNvbSJ9.N3xJTo1meENF_IpVGpzPg8ePFuaI4lFIkSF9nF_6HNc'),('2024-10-25 12:22:16.919921',35,2,'eyJ0eXAiOiJKV1QiLCJhbGciOiJIUzI1NiJ9.eyJpc3MiOiJqYXZhNDA1X3RlYW0xX2ZpbmFsX2lzc3VlciIsImlhdCI6MTcyOTc0MDEzNiwiZXhwIjoxNzI5ODI2NTM2LCJzdWIiOiJrb3RsaW5lQGdtYWlsLmNvbSIsInVzZXJOaWNrIjoi7Jik64yA7JiBIiwidXNlclJvbGUiOiJST0xFX1NFTklPUl9NQU5BR0VSIiwidXNlcklkIjoic2VuaW9yMSIsImVtYWlsIjoia290bGluZUBnbWFpbC5jb20ifQ.RUNbzCi6dibMEXahZ6lAXZv5E7hgrai3vG8JtYCuScU'),('2024-10-25 12:22:42.588438',36,1,'eyJ0eXAiOiJKV1QiLCJhbGciOiJIUzI1NiJ9.eyJpc3MiOiJqYXZhNDA1X3RlYW0xX2ZpbmFsX2lzc3VlciIsImlhdCI6MTcyOTc0MDE2MiwiZXhwIjoxNzI5ODI2NTYyLCJzdWIiOiJqYXZhbWFuYWdlckBuYXZlci5jb20iLCJ1c2VyTmljayI6Iu2ZqeyImOyglSIsInVzZXJSb2xlIjoiUk9MRV9NQU5BR0VSIiwidXNlcklkIjoibWFuYWdlcjEiLCJlbWFpbCI6ImphdmFtYW5hZ2VyQG5hdmVyLmNvbSJ9.0fjLFGb5KXrfUpv57ODB6JOgqmwjJiW8n4gWNAaOGSc'),('2024-10-25 12:23:46.235901',37,1,'eyJ0eXAiOiJKV1QiLCJhbGciOiJIUzI1NiJ9.eyJpc3MiOiJqYXZhNDA1X3RlYW0xX2ZpbmFsX2lzc3VlciIsImlhdCI6MTcyOTc0MDIyNiwiZXhwIjoxNzI5ODI2NjI2LCJzdWIiOiJqYXZhbWFuYWdlckBuYXZlci5jb20iLCJ1c2VyTmljayI6Iu2ZqeyImOyglSIsInVzZXJSb2xlIjoiUk9MRV9NQU5BR0VSIiwidXNlcklkIjoibWFuYWdlcjEiLCJlbWFpbCI6ImphdmFtYW5hZ2VyQG5hdmVyLmNvbSJ9.mUfNVEZiqewtvdQxO8KR2VSb-kKIMx5rad069f2rB3s'),('2024-10-25 12:28:08.417324',38,1,'eyJ0eXAiOiJKV1QiLCJhbGciOiJIUzI1NiJ9.eyJpc3MiOiJqYXZhNDA1X3RlYW0xX2ZpbmFsX2lzc3VlciIsImlhdCI6MTcyOTc0MDQ4OCwiZXhwIjoxNzI5ODI2ODg4LCJzdWIiOiJqYXZhbWFuYWdlckBuYXZlci5jb20iLCJ1c2VyTmljayI6Iu2ZqeyImOyglSIsInVzZXJSb2xlIjoiUk9MRV9NQU5BR0VSIiwidXNlcklkIjoibWFuYWdlcjEiLCJlbWFpbCI6ImphdmFtYW5hZ2VyQG5hdmVyLmNvbSJ9.C5DwsDC7PM12ZAq_ghhkOLmwf7HR5EXspvg9aEEeXQ8'),('2024-10-25 12:29:04.429635',39,1,'eyJ0eXAiOiJKV1QiLCJhbGciOiJIUzI1NiJ9.eyJpc3MiOiJqYXZhNDA1X3RlYW0xX2ZpbmFsX2lzc3VlciIsImlhdCI6MTcyOTc0MDU0NCwiZXhwIjoxNzI5ODI2OTQ0LCJzdWIiOiJqYXZhbWFuYWdlckBuYXZlci5jb20iLCJ1c2VyTmljayI6Iu2ZqeyImOyglSIsInVzZXJSb2xlIjoiUk9MRV9NQU5BR0VSIiwidXNlcklkIjoibWFuYWdlcjEiLCJlbWFpbCI6ImphdmFtYW5hZ2VyQG5hdmVyLmNvbSJ9.uIeVmOBxdGarRtYN4NL3zGRQc8E2UzHe0J_3shpwhkM'),('2024-10-25 12:30:05.059784',40,1,'eyJ0eXAiOiJKV1QiLCJhbGciOiJIUzI1NiJ9.eyJpc3MiOiJqYXZhNDA1X3RlYW0xX2ZpbmFsX2lzc3VlciIsImlhdCI6MTcyOTc0MDYwNSwiZXhwIjoxNzI5ODI3MDA1LCJzdWIiOiJqYXZhbWFuYWdlckBuYXZlci5jb20iLCJ1c2VyTmljayI6Iu2ZqeyImOyglSIsInVzZXJSb2xlIjoiUk9MRV9NQU5BR0VSIiwidXNlcklkIjoibWFuYWdlcjEiLCJlbWFpbCI6ImphdmFtYW5hZ2VyQG5hdmVyLmNvbSJ9.TxoGkU0aFu0FgsydGmVPeG9U6y0OzwVE4V3S4dCPvU0'),('2024-10-25 12:31:29.010187',41,1,'eyJ0eXAiOiJKV1QiLCJhbGciOiJIUzI1NiJ9.eyJpc3MiOiJqYXZhNDA1X3RlYW0xX2ZpbmFsX2lzc3VlciIsImlhdCI6MTcyOTc0MDY4OSwiZXhwIjoxNzI5ODI3MDg5LCJzdWIiOiJqYXZhbWFuYWdlckBuYXZlci5jb20iLCJ1c2VyTmljayI6Iu2ZqeyImOyglSIsInVzZXJSb2xlIjoiUk9MRV9NQU5BR0VSIiwidXNlcklkIjoibWFuYWdlcjEiLCJlbWFpbCI6ImphdmFtYW5hZ2VyQG5hdmVyLmNvbSJ9.hvZzzFB-aqOev19M6uyPLFE0VzPE2EfLAUdkJXVCITE'),('2024-10-25 12:36:25.215132',42,1,'eyJ0eXAiOiJKV1QiLCJhbGciOiJIUzI1NiJ9.eyJpc3MiOiJqYXZhNDA1X3RlYW0xX2ZpbmFsX2lzc3VlciIsImlhdCI6MTcyOTc0MDk4NSwiZXhwIjoxNzI5ODI3Mzg1LCJzdWIiOiJqYXZhbWFuYWdlckBuYXZlci5jb20iLCJ1c2VyTmljayI6Iu2ZqeyImOyglSIsInVzZXJSb2xlIjoiUk9MRV9NQU5BR0VSIiwidXNlcklkIjoibWFuYWdlcjEiLCJlbWFpbCI6ImphdmFtYW5hZ2VyQG5hdmVyLmNvbSJ9.-QiCpqtCAfiufvh12IrBpcAEFJ-7kbY9CyyHIlBfMgo'),('2024-10-25 12:37:08.031366',43,1,'eyJ0eXAiOiJKV1QiLCJhbGciOiJIUzI1NiJ9.eyJpc3MiOiJqYXZhNDA1X3RlYW0xX2ZpbmFsX2lzc3VlciIsImlhdCI6MTcyOTc0MTAyOCwiZXhwIjoxNzI5ODI3NDI4LCJzdWIiOiJqYXZhbWFuYWdlckBuYXZlci5jb20iLCJ1c2VyTmljayI6Iu2ZqeyImOyglSIsInVzZXJSb2xlIjoiUk9MRV9NQU5BR0VSIiwidXNlcklkIjoibWFuYWdlcjEiLCJlbWFpbCI6ImphdmFtYW5hZ2VyQG5hdmVyLmNvbSJ9.bjh-NY6_X5ln0VpEZRY4GcYHc4RRk9_4EjzsmufZi2M'),('2024-10-25 13:55:40.247886',44,1,'eyJ0eXAiOiJKV1QiLCJhbGciOiJIUzI1NiJ9.eyJpc3MiOiJqYXZhNDA1X3RlYW0xX2ZpbmFsX2lzc3VlciIsImlhdCI6MTcyOTc0NTc0MCwiZXhwIjoxNzI5ODMyMTQwLCJzdWIiOiJqYXZhbWFuYWdlckBuYXZlci5jb20iLCJ1c2VyTmljayI6Iu2ZqeyImOyglSIsInVzZXJSb2xlIjoiUk9MRV9NQU5BR0VSIiwidXNlcklkIjoibWFuYWdlcjEiLCJlbWFpbCI6ImphdmFtYW5hZ2VyQG5hdmVyLmNvbSJ9.EXJZF71MWlvnJJH_OlCyzP7sHnh-ZCvSHh-UU0TSGdQ'),('2024-10-25 14:06:21.274150',45,20,'eyJ0eXAiOiJKV1QiLCJhbGciOiJIUzI1NiJ9.eyJpc3MiOiJqYXZhNDA1X3RlYW0xX2ZpbmFsX2lzc3VlciIsImlhdCI6MTcyOTc0NjM4MSwiZXhwIjoxNzI5ODMyNzgxLCJzdWIiOiJ5ZXNpYW1AZGF1bS5uZXQiLCJ1c2VyTmljayI6IuyViOyEseyerCIsInVzZXJSb2xlIjoiUk9MRV9TRU5JT1JfTUFOQUdFUiIsInVzZXJJZCI6InNlbmlvcjQiLCJlbWFpbCI6Inllc2lhbUBkYXVtLm5ldCJ9.yGnXHDWyXeU-ksYpFSXtcS8LftL6tFhZ7fkLq_4btTc'),('2024-10-25 14:13:23.446243',46,1,'eyJ0eXAiOiJKV1QiLCJhbGciOiJIUzI1NiJ9.eyJpc3MiOiJqYXZhNDA1X3RlYW0xX2ZpbmFsX2lzc3VlciIsImlhdCI6MTcyOTc0NjgwMywiZXhwIjoxNzI5ODMzMjAzLCJzdWIiOiJqYXZhbWFuYWdlckBuYXZlci5jb20iLCJ1c2VyTmljayI6Iu2ZqeyImOyglSIsInVzZXJSb2xlIjoiUk9MRV9NQU5BR0VSIiwidXNlcklkIjoibWFuYWdlcjEiLCJlbWFpbCI6ImphdmFtYW5hZ2VyQG5hdmVyLmNvbSJ9._uP6a81JokHqXlEvyzw6iic9BlDfcaWthXktGnoCjgY'),('2024-10-25 14:19:40.989196',47,1,'eyJ0eXAiOiJKV1QiLCJhbGciOiJIUzI1NiJ9.eyJpc3MiOiJqYXZhNDA1X3RlYW0xX2ZpbmFsX2lzc3VlciIsImlhdCI6MTcyOTc0NzE4MCwiZXhwIjoxNzI5ODMzNTgwLCJzdWIiOiJqYXZhbWFuYWdlckBuYXZlci5jb20iLCJ1c2VyTmljayI6Iu2ZqeyImOyglSIsInVzZXJSb2xlIjoiUk9MRV9NQU5BR0VSIiwidXNlcklkIjoibWFuYWdlcjEiLCJlbWFpbCI6ImphdmFtYW5hZ2VyQG5hdmVyLmNvbSJ9.HVUlCDvsinE9PbTpCmBESzxvgx4vyXpb7MsKJ7chyWA'),('2024-10-25 14:23:37.911902',48,1,'eyJ0eXAiOiJKV1QiLCJhbGciOiJIUzI1NiJ9.eyJpc3MiOiJqYXZhNDA1X3RlYW0xX2ZpbmFsX2lzc3VlciIsImlhdCI6MTcyOTc0NzQxNywiZXhwIjoxNzI5ODMzODE3LCJzdWIiOiJqYXZhbWFuYWdlckBuYXZlci5jb20iLCJ1c2VyTmljayI6Iu2ZqeyImOyglSIsInVzZXJSb2xlIjoiUk9MRV9NQU5BR0VSIiwidXNlcklkIjoibWFuYWdlcjEiLCJlbWFpbCI6ImphdmFtYW5hZ2VyQG5hdmVyLmNvbSJ9.BDmCJYzlyeUEdm8coXdw_GntJfx-CdMBHgctyyRa4Js'),('2024-10-25 14:44:58.367262',49,2,'eyJ0eXAiOiJKV1QiLCJhbGciOiJIUzI1NiJ9.eyJpc3MiOiJqYXZhNDA1X3RlYW0xX2ZpbmFsX2lzc3VlciIsImlhdCI6MTcyOTc0ODY5OCwiZXhwIjoxNzI5ODM1MDk4LCJzdWIiOiJrb3RsaW5lQGdtYWlsLmNvbSIsInVzZXJOaWNrIjoi7Jik64yA7JiBIiwidXNlclJvbGUiOiJST0xFX1NFTklPUl9NQU5BR0VSIiwidXNlcklkIjoic2VuaW9yMSIsImVtYWlsIjoia290bGluZUBnbWFpbC5jb20ifQ.m0nDlmroKWy7XebQMW9oI1IIWHMqWpXrw6tZvI6A3eE'),('2024-10-25 14:46:07.343935',50,20,'eyJ0eXAiOiJKV1QiLCJhbGciOiJIUzI1NiJ9.eyJpc3MiOiJqYXZhNDA1X3RlYW0xX2ZpbmFsX2lzc3VlciIsImlhdCI6MTcyOTc0ODc2NywiZXhwIjoxNzI5ODM1MTY3LCJzdWIiOiJ5ZXNpYW1AZGF1bS5uZXQiLCJ1c2VyTmljayI6IuyViOyEseyerCIsInVzZXJSb2xlIjoiUk9MRV9TRU5JT1JfTUFOQUdFUiIsInVzZXJJZCI6InNlbmlvcjQiLCJlbWFpbCI6Inllc2lhbUBkYXVtLm5ldCJ9._04GBPRyseqHbsgeBW2e_Ru1LIMOqGRpoSnitlPfTb8'),('2024-10-25 14:47:04.210721',51,20,'eyJ0eXAiOiJKV1QiLCJhbGciOiJIUzI1NiJ9.eyJpc3MiOiJqYXZhNDA1X3RlYW0xX2ZpbmFsX2lzc3VlciIsImlhdCI6MTcyOTc0ODgyNCwiZXhwIjoxNzI5ODM1MjI0LCJzdWIiOiJ5ZXNpYW1AZGF1bS5uZXQiLCJ1c2VyTmljayI6IuyViOyEseyerCIsInVzZXJSb2xlIjoiUk9MRV9TRU5JT1JfTUFOQUdFUiIsInVzZXJJZCI6InNlbmlvcjQiLCJlbWFpbCI6Inllc2lhbUBkYXVtLm5ldCJ9.WKvHFO-3cANLJhNzv0usQEUTUN4t1vbarIVcbmLmLrM'),('2024-10-25 14:47:25.635220',52,2,'eyJ0eXAiOiJKV1QiLCJhbGciOiJIUzI1NiJ9.eyJpc3MiOiJqYXZhNDA1X3RlYW0xX2ZpbmFsX2lzc3VlciIsImlhdCI6MTcyOTc0ODg0NSwiZXhwIjoxNzI5ODM1MjQ1LCJzdWIiOiJrb3RsaW5lQGdtYWlsLmNvbSIsInVzZXJOaWNrIjoi7Jik64yA7JiBIiwidXNlclJvbGUiOiJST0xFX1NFTklPUl9NQU5BR0VSIiwidXNlcklkIjoic2VuaW9yMSIsImVtYWlsIjoia290bGluZUBnbWFpbC5jb20ifQ.R32A7hulptLNNQsYWbYwx2bBJsIHbAVn4x-QLZgRxG8'),('2024-10-25 15:07:53.328620',53,19,'eyJ0eXAiOiJKV1QiLCJhbGciOiJIUzI1NiJ9.eyJpc3MiOiJqYXZhNDA1X3RlYW0xX2ZpbmFsX2lzc3VlciIsImlhdCI6MTcyOTc1MDA3MywiZXhwIjoxNzI5ODM2NDczLCJzdWIiOiJidXNhbkBuYXZlci5jb20iLCJ1c2VyTmljayI6Iuy1nO2YhOyEnSIsInVzZXJSb2xlIjoiUk9MRV9TRU5JT1JfTUFOQUdFUiIsInVzZXJJZCI6InNlbmlvcjMiLCJlbWFpbCI6ImJ1c2FuQG5hdmVyLmNvbSJ9.g7v8inRczXOuwclYfdJEq7D20z9aXBG2rsT4E044SC0'),('2024-10-25 15:17:24.175879',54,14,'eyJ0eXAiOiJKV1QiLCJhbGciOiJIUzI1NiJ9.eyJpc3MiOiJqYXZhNDA1X3RlYW0xX2ZpbmFsX2lzc3VlciIsImlhdCI6MTcyOTc1MDY0NCwiZXhwIjoxNzI5ODM3MDQ0LCJzdWIiOiJtYW5hZ2VyQHlhaG9vLmNvbSIsInVzZXJOaWNrIjoi6rOg6ri464-ZIiwidXNlclJvbGUiOiJST0xFX01BTkFHRVIiLCJ1c2VySWQiOiJtYW5hZ2VyMiIsImVtYWlsIjoibWFuYWdlckB5YWhvby5jb20ifQ.iSZ6eb8VAvwOmNx_wGChzkt95yxq9zYOhhA3vb8PHr0'),('2024-10-25 15:18:40.931726',55,1,'eyJ0eXAiOiJKV1QiLCJhbGciOiJIUzI1NiJ9.eyJpc3MiOiJqYXZhNDA1X3RlYW0xX2ZpbmFsX2lzc3VlciIsImlhdCI6MTcyOTc1MDcyMCwiZXhwIjoxNzI5ODM3MTIwLCJzdWIiOiJqYXZhbWFuYWdlckBuYXZlci5jb20iLCJ1c2VyTmljayI6Iu2ZqeyImOyglSIsInVzZXJSb2xlIjoiUk9MRV9NQU5BR0VSIiwidXNlcklkIjoibWFuYWdlcjEiLCJlbWFpbCI6ImphdmFtYW5hZ2VyQG5hdmVyLmNvbSJ9.pc5gegxH1lvHmLOlLBIKGlbp8Q-WTiqJ-EzKJ16ClZQ'),('2024-10-25 15:21:26.657944',56,1,'eyJ0eXAiOiJKV1QiLCJhbGciOiJIUzI1NiJ9.eyJpc3MiOiJqYXZhNDA1X3RlYW0xX2ZpbmFsX2lzc3VlciIsImlhdCI6MTcyOTc1MDg4NiwiZXhwIjoxNzI5ODM3Mjg2LCJzdWIiOiJqYXZhbWFuYWdlckBuYXZlci5jb20iLCJ1c2VyTmljayI6Iu2ZqeyImOyglSIsInVzZXJSb2xlIjoiUk9MRV9NQU5BR0VSIiwidXNlcklkIjoibWFuYWdlcjEiLCJlbWFpbCI6ImphdmFtYW5hZ2VyQG5hdmVyLmNvbSJ9.LSLDbwhX2pAfOJzezXlBk-nWZHt0uEw_XcBRS_9J4Zg'),('2024-10-25 15:22:09.051397',57,5,'eyJ0eXAiOiJKV1QiLCJhbGciOiJIUzI1NiJ9.eyJpc3MiOiJqYXZhNDA1X3RlYW0xX2ZpbmFsX2lzc3VlciIsImlhdCI6MTcyOTc1MDkyOSwiZXhwIjoxNzI5ODM3MzI5LCJzdWIiOiJzcHJpbmdAZ21haWwuY29tIiwidXNlck5pY2siOiLsnbTsg4HquLAiLCJ1c2VyUm9sZSI6IlJPTEVfVVNFUiIsInVzZXJJZCI6InVzZXIzIiwiZW1haWwiOiJzcHJpbmdAZ21haWwuY29tIn0.nBYDqw3yu69tpnaisDYXQ6aDJgMSDPUKwpS2isP-cRk'),('2024-10-25 15:24:53.337680',58,1,'eyJ0eXAiOiJKV1QiLCJhbGciOiJIUzI1NiJ9.eyJpc3MiOiJqYXZhNDA1X3RlYW0xX2ZpbmFsX2lzc3VlciIsImlhdCI6MTcyOTc1MTA5MywiZXhwIjoxNzI5ODM3NDkzLCJzdWIiOiJqYXZhbWFuYWdlckBuYXZlci5jb20iLCJ1c2VyTmljayI6Iu2ZqeyImOyglSIsInVzZXJSb2xlIjoiUk9MRV9NQU5BR0VSIiwidXNlcklkIjoibWFuYWdlcjEiLCJlbWFpbCI6ImphdmFtYW5hZ2VyQG5hdmVyLmNvbSJ9.lrzq0hbh0v7krMIfti3kY2mpr_xl0lG7odSxJxFNv7o'),('2024-10-25 15:28:58.288162',59,1,'eyJ0eXAiOiJKV1QiLCJhbGciOiJIUzI1NiJ9.eyJpc3MiOiJqYXZhNDA1X3RlYW0xX2ZpbmFsX2lzc3VlciIsImlhdCI6MTcyOTc1MTMzOCwiZXhwIjoxNzI5ODM3NzM4LCJzdWIiOiJqYXZhbWFuYWdlckBuYXZlci5jb20iLCJ1c2VyTmljayI6Iu2ZqeyImOyglSIsInVzZXJSb2xlIjoiUk9MRV9NQU5BR0VSIiwidXNlcklkIjoibWFuYWdlcjEiLCJlbWFpbCI6ImphdmFtYW5hZ2VyQG5hdmVyLmNvbSJ9.ShDniSewZQfGYOtKhtdL3ZRDy2rsY3aa50iix4xE4l8'),('2024-10-25 15:36:25.865751',60,1,'eyJ0eXAiOiJKV1QiLCJhbGciOiJIUzI1NiJ9.eyJpc3MiOiJqYXZhNDA1X3RlYW0xX2ZpbmFsX2lzc3VlciIsImlhdCI6MTcyOTc1MTc4NSwiZXhwIjoxNzI5ODM4MTg1LCJzdWIiOiJqYXZhbWFuYWdlckBuYXZlci5jb20iLCJ1c2VyTmljayI6Iu2ZqeyImOyglSIsInVzZXJSb2xlIjoiUk9MRV9NQU5BR0VSIiwidXNlcklkIjoibWFuYWdlcjEiLCJlbWFpbCI6ImphdmFtYW5hZ2VyQG5hdmVyLmNvbSJ9.y7KXHf6F1GELWi2iO1CdPB73taMoVlPgd96HZRmgSL8'),('2024-10-25 15:38:00.750787',61,1,'eyJ0eXAiOiJKV1QiLCJhbGciOiJIUzI1NiJ9.eyJpc3MiOiJqYXZhNDA1X3RlYW0xX2ZpbmFsX2lzc3VlciIsImlhdCI6MTcyOTc1MTg4MCwiZXhwIjoxNzI5ODM4MjgwLCJzdWIiOiJqYXZhbWFuYWdlckBuYXZlci5jb20iLCJ1c2VyTmljayI6Iu2ZqeyImOyglSIsInVzZXJSb2xlIjoiUk9MRV9NQU5BR0VSIiwidXNlcklkIjoibWFuYWdlcjEiLCJlbWFpbCI6ImphdmFtYW5hZ2VyQG5hdmVyLmNvbSJ9.U7m2yoLT8XHVeWd_P0nfKQjxnKE1L32ozSxtIVFings'),('2024-10-25 15:40:06.176933',62,15,'eyJ0eXAiOiJKV1QiLCJhbGciOiJIUzI1NiJ9.eyJpc3MiOiJqYXZhNDA1X3RlYW0xX2ZpbmFsX2lzc3VlciIsImlhdCI6MTcyOTc1MjAwNiwiZXhwIjoxNzI5ODM4NDA2LCJzdWIiOiJmcm9udGVuZEBuYXZlci5jb20iLCJ1c2VyTmljayI6IuydtOyImOq3vCIsInVzZXJSb2xlIjoiUk9MRV9NQU5BR0VSIiwidXNlcklkIjoibWFuYWdlcjMiLCJlbWFpbCI6ImZyb250ZW5kQG5hdmVyLmNvbSJ9.3s9FxUQDzaLAJJeYD6yA_AeWphmLkJgQ07H9glW838w'),('2024-10-25 15:49:32.069265',63,2,'eyJ0eXAiOiJKV1QiLCJhbGciOiJIUzI1NiJ9.eyJpc3MiOiJqYXZhNDA1X3RlYW0xX2ZpbmFsX2lzc3VlciIsImlhdCI6MTcyOTc1MjU3MiwiZXhwIjoxNzI5ODM4OTcyLCJzdWIiOiJrb3RsaW5lQGdtYWlsLmNvbSIsInVzZXJOaWNrIjoi7Jik64yA7JiBIiwidXNlclJvbGUiOiJST0xFX1NFTklPUl9NQU5BR0VSIiwidXNlcklkIjoic2VuaW9yMSIsImVtYWlsIjoia290bGluZUBnbWFpbC5jb20ifQ.iIHaJOh8TRAmXH-qfi1ZEOWnC8f8E-QEVjWjeoLPV80'),('2024-10-25 15:51:29.641722',64,1,'eyJ0eXAiOiJKV1QiLCJhbGciOiJIUzI1NiJ9.eyJpc3MiOiJqYXZhNDA1X3RlYW0xX2ZpbmFsX2lzc3VlciIsImlhdCI6MTcyOTc1MjY4OSwiZXhwIjoxNzI5ODM5MDg5LCJzdWIiOiJqYXZhbWFuYWdlckBuYXZlci5jb20iLCJ1c2VyTmljayI6Iu2ZqeyImOyglSIsInVzZXJSb2xlIjoiUk9MRV9NQU5BR0VSIiwidXNlcklkIjoibWFuYWdlcjEiLCJlbWFpbCI6ImphdmFtYW5hZ2VyQG5hdmVyLmNvbSJ9.y9207vNMCQZ7FXiDVdhlEjYqcnls7Bj0K85zGKN4Coc'),('2024-10-25 16:17:14.371244',65,19,'eyJ0eXAiOiJKV1QiLCJhbGciOiJIUzI1NiJ9.eyJpc3MiOiJqYXZhNDA1X3RlYW0xX2ZpbmFsX2lzc3VlciIsImlhdCI6MTcyOTc1NDIzNCwiZXhwIjoxNzI5ODQwNjM0LCJzdWIiOiJidXNhbkBuYXZlci5jb20iLCJ1c2VyTmljayI6Iuy1nO2YhOyEnSIsInVzZXJSb2xlIjoiUk9MRV9TRU5JT1JfTUFOQUdFUiIsInVzZXJJZCI6InNlbmlvcjMiLCJlbWFpbCI6ImJ1c2FuQG5hdmVyLmNvbSJ9.6zxR4SKViCAutq1t_U8ajMSpiaJao_y5LkXzA2Dd2DI'),('2024-10-25 16:20:04.667554',66,16,'eyJ0eXAiOiJKV1QiLCJhbGciOiJIUzI1NiJ9.eyJpc3MiOiJqYXZhNDA1X3RlYW0xX2ZpbmFsX2lzc3VlciIsImlhdCI6MTcyOTc1NDQwNCwiZXhwIjoxNzI5ODQwODA0LCJzdWIiOiJiYWNrZW5kQGRhdW0ubmV0IiwidXNlck5pY2siOiLrp4jrj5nshJ0iLCJ1c2VyUm9sZSI6IlJPTEVfTUFOQUdFUiIsInVzZXJJZCI6Im1hbmFnZXI0IiwiZW1haWwiOiJiYWNrZW5kQGRhdW0ubmV0In0.07L2D7AAcFAL6d7Hn1Ti4LpIWCBPpfvlMJtU1RLH2Bs'),('2024-10-25 16:49:44.637412',67,1,'eyJ0eXAiOiJKV1QiLCJhbGciOiJIUzI1NiJ9.eyJpc3MiOiJqYXZhNDA1X3RlYW0xX2ZpbmFsX2lzc3VlciIsImlhdCI6MTcyOTc1NjE4NCwiZXhwIjoxNzI5ODQyNTg0LCJzdWIiOiJqYXZhbWFuYWdlckBuYXZlci5jb20iLCJ1c2VyTmljayI6Iu2ZqeyImOyglSIsInVzZXJSb2xlIjoiUk9MRV9NQU5BR0VSIiwidXNlcklkIjoibWFuYWdlcjEiLCJlbWFpbCI6ImphdmFtYW5hZ2VyQG5hdmVyLmNvbSJ9.TPXmgNxV57wQFrr0ODv9zAYOBFND8rIZ-AQmfrfbiq0'),('2024-10-25 17:44:57.089936',68,18,'eyJ0eXAiOiJKV1QiLCJhbGciOiJIUzI1NiJ9.eyJpc3MiOiJqYXZhNDA1X3RlYW0xX2ZpbmFsX2lzc3VlciIsImlhdCI6MTcyOTc1OTQ5NywiZXhwIjoxNzI5ODQ1ODk3LCJzdWIiOiJiaXRjNDA1QGdtYWlsLmNvbSIsInVzZXJOaWNrIjoi6rmA64-Z7ZiEIiwidXNlclJvbGUiOiJST0xFX1NFTklPUl9NQU5BR0VSIiwidXNlcklkIjoic2VuaW9yMiIsImVtYWlsIjoiYml0YzQwNUBnbWFpbC5jb20ifQ.-yFRCk-wTXuuircle9AhlCrhbDMXaWZwVX2CTDc98aM'),('2024-10-25 17:44:59.836824',69,1,'eyJ0eXAiOiJKV1QiLCJhbGciOiJIUzI1NiJ9.eyJpc3MiOiJqYXZhNDA1X3RlYW0xX2ZpbmFsX2lzc3VlciIsImlhdCI6MTcyOTc1OTQ5OSwiZXhwIjoxNzI5ODQ1ODk5LCJzdWIiOiJqYXZhbWFuYWdlckBuYXZlci5jb20iLCJ1c2VyTmljayI6Iu2ZqeyImOyglSIsInVzZXJSb2xlIjoiUk9MRV9NQU5BR0VSIiwidXNlcklkIjoibWFuYWdlcjEiLCJlbWFpbCI6ImphdmFtYW5hZ2VyQG5hdmVyLmNvbSJ9.jOYHiV2pQRABLGqUG81KLrtRWsZ2EtjUT2jTEdMsCnU'),('2024-10-25 17:47:14.979257',70,18,'eyJ0eXAiOiJKV1QiLCJhbGciOiJIUzI1NiJ9.eyJpc3MiOiJqYXZhNDA1X3RlYW0xX2ZpbmFsX2lzc3VlciIsImlhdCI6MTcyOTc1OTYzNCwiZXhwIjoxNzI5ODQ2MDM0LCJzdWIiOiJiaXRjNDA1QGdtYWlsLmNvbSIsInVzZXJOaWNrIjoi6rmA64-Z7ZiEIiwidXNlclJvbGUiOiJST0xFX1NFTklPUl9NQU5BR0VSIiwidXNlcklkIjoic2VuaW9yMiIsImVtYWlsIjoiYml0YzQwNUBnbWFpbC5jb20ifQ.TYUavD0uw0CUvEOqSpXtRnpZowqJ7hHTc8HaZ_pPTWQ'),('2024-10-25 18:00:56.391371',71,13,'eyJ0eXAiOiJKV1QiLCJhbGciOiJIUzI1NiJ9.eyJpc3MiOiJqYXZhNDA1X3RlYW0xX2ZpbmFsX2lzc3VlciIsImlhdCI6MTcyOTc2MDQ1NiwiZXhwIjoxNzI5ODQ2ODU2LCJzdWIiOiJtYXN0ZXJAbmF2ZXIuY29tIiwidXNlck5pY2siOiLrp4jsiqTthLAiLCJ1c2VyUm9sZSI6IlJPTEVfTUFOQUdFUiIsInVzZXJJZCI6Im1hc3RlciIsImVtYWlsIjoibWFzdGVyQG5hdmVyLmNvbSJ9.xw8PKnMu5k5g6CrupTJxorLDTTVookiFmN7oE3cr90Q'),('2024-10-25 18:02:54.847409',72,13,'eyJ0eXAiOiJKV1QiLCJhbGciOiJIUzI1NiJ9.eyJpc3MiOiJqYXZhNDA1X3RlYW0xX2ZpbmFsX2lzc3VlciIsImlhdCI6MTcyOTc2MDU3NCwiZXhwIjoxNzI5ODQ2OTc0LCJzdWIiOiJtYXN0ZXJAbmF2ZXIuY29tIiwidXNlck5pY2siOiLrp4jsiqTthLAiLCJ1c2VyUm9sZSI6IlJPTEVfTUFOQUdFUiIsInVzZXJJZCI6Im1hc3RlciIsImVtYWlsIjoibWFzdGVyQG5hdmVyLmNvbSJ9.jP4dglMHpT5GPGcsR3BmgYgUWe79Rll9qoDL7fOxTp0'),('2024-10-25 18:08:13.459955',73,6,'eyJ0eXAiOiJKV1QiLCJhbGciOiJIUzI1NiJ9.eyJpc3MiOiJqYXZhNDA1X3RlYW0xX2ZpbmFsX2lzc3VlciIsImlhdCI6MTcyOTc2MDg5MywiZXhwIjoxNzI5ODQ3MjkzLCJzdWIiOiJteXNxbEBnbWFpbC5jb20iLCJ1c2VyTmljayI6IuqzveuPmeyyoCIsInVzZXJSb2xlIjoiUk9MRV9VU0VSIiwidXNlcklkIjoidXNlcjQiLCJlbWFpbCI6Im15c3FsQGdtYWlsLmNvbSJ9.IuTFooq-W5qU-CurKut2vh-Rj8H7XBg_OQCu2p81fY8'),('2024-10-25 18:08:26.441170',74,13,'eyJ0eXAiOiJKV1QiLCJhbGciOiJIUzI1NiJ9.eyJpc3MiOiJqYXZhNDA1X3RlYW0xX2ZpbmFsX2lzc3VlciIsImlhdCI6MTcyOTc2MDkwNiwiZXhwIjoxNzI5ODQ3MzA2LCJzdWIiOiJtYXN0ZXJAbmF2ZXIuY29tIiwidXNlck5pY2siOiLrp4jsiqTthLAiLCJ1c2VyUm9sZSI6IlJPTEVfTUFOQUdFUiIsInVzZXJJZCI6Im1hc3RlciIsImVtYWlsIjoibWFzdGVyQG5hdmVyLmNvbSJ9.O3Jzc7Owk2mhBqgLjan3QgnS2KJemZC19vn6KW4KhkA'),('2024-10-25 18:13:01.941487',75,1,'eyJ0eXAiOiJKV1QiLCJhbGciOiJIUzI1NiJ9.eyJpc3MiOiJqYXZhNDA1X3RlYW0xX2ZpbmFsX2lzc3VlciIsImlhdCI6MTcyOTc2MTE4MSwiZXhwIjoxNzI5ODQ3NTgxLCJzdWIiOiJqYXZhbWFuYWdlckBuYXZlci5jb20iLCJ1c2VyTmljayI6Iu2ZqeyImOyglSIsInVzZXJSb2xlIjoiUk9MRV9NQU5BR0VSIiwidXNlcklkIjoibWFuYWdlcjEiLCJlbWFpbCI6ImphdmFtYW5hZ2VyQG5hdmVyLmNvbSJ9.ySOZWU5CoSyghke0T6rtAhjYzpyppdt_QLaVsnBzRDY'),('2024-10-25 18:18:49.372394',76,13,'eyJ0eXAiOiJKV1QiLCJhbGciOiJIUzI1NiJ9.eyJpc3MiOiJqYXZhNDA1X3RlYW0xX2ZpbmFsX2lzc3VlciIsImlhdCI6MTcyOTc2MTUyOSwiZXhwIjoxNzI5ODQ3OTI5LCJzdWIiOiJtYXN0ZXJAbmF2ZXIuY29tIiwidXNlck5pY2siOiLrp4jsiqTthLAiLCJ1c2VyUm9sZSI6IlJPTEVfTUFOQUdFUiIsInVzZXJJZCI6Im1hc3RlciIsImVtYWlsIjoibWFzdGVyQG5hdmVyLmNvbSJ9.pO3Z1or_yS8oeULqHhKilE_sfa0eJ6HFwR7i1lxxxKA'),('2024-10-25 18:36:12.901149',77,1,'eyJ0eXAiOiJKV1QiLCJhbGciOiJIUzI1NiJ9.eyJpc3MiOiJqYXZhNDA1X3RlYW0xX2ZpbmFsX2lzc3VlciIsImlhdCI6MTcyOTc2MjU3MiwiZXhwIjoxNzI5ODQ4OTcyLCJzdWIiOiJqYXZhbWFuYWdlckBuYXZlci5jb20iLCJ1c2VyTmljayI6Iu2ZqeyImOyglSIsInVzZXJSb2xlIjoiUk9MRV9NQU5BR0VSIiwidXNlcklkIjoibWFuYWdlcjEiLCJlbWFpbCI6ImphdmFtYW5hZ2VyQG5hdmVyLmNvbSJ9.kh3Vd3ORvQAvcFALa-IZne8WFzxI3HBmzKRpbUPVcfw'),('2024-10-25 18:45:30.876428',78,1,'eyJ0eXAiOiJKV1QiLCJhbGciOiJIUzI1NiJ9.eyJpc3MiOiJqYXZhNDA1X3RlYW0xX2ZpbmFsX2lzc3VlciIsImlhdCI6MTcyOTc2MzEzMCwiZXhwIjoxNzI5ODQ5NTMwLCJzdWIiOiJqYXZhbWFuYWdlckBuYXZlci5jb20iLCJ1c2VyTmljayI6Iu2ZqeyImOyglSIsInVzZXJSb2xlIjoiUk9MRV9NQU5BR0VSIiwidXNlcklkIjoibWFuYWdlcjEiLCJlbWFpbCI6ImphdmFtYW5hZ2VyQG5hdmVyLmNvbSJ9.NLKTAi9XMNeFD2F66283-8aUpZX9Ds3MvagnmPaV3k8'),('2024-10-25 18:50:39.092384',79,2,'eyJ0eXAiOiJKV1QiLCJhbGciOiJIUzI1NiJ9.eyJpc3MiOiJqYXZhNDA1X3RlYW0xX2ZpbmFsX2lzc3VlciIsImlhdCI6MTcyOTc2MzQzOSwiZXhwIjoxNzI5ODQ5ODM5LCJzdWIiOiJrb3RsaW5lQGdtYWlsLmNvbSIsInVzZXJOaWNrIjoi7Jik64yA7JiBIiwidXNlclJvbGUiOiJST0xFX1NFTklPUl9NQU5BR0VSIiwidXNlcklkIjoic2VuaW9yMSIsImVtYWlsIjoia290bGluZUBnbWFpbC5jb20ifQ.O6lH2VfHg6vHOs78qpvktmPWZaXE6GOJSiPzv0Bv4ZY'),('2024-10-25 18:57:55.615323',80,2,'eyJ0eXAiOiJKV1QiLCJhbGciOiJIUzI1NiJ9.eyJpc3MiOiJqYXZhNDA1X3RlYW0xX2ZpbmFsX2lzc3VlciIsImlhdCI6MTcyOTc2Mzg3NSwiZXhwIjoxNzI5ODUwMjc1LCJzdWIiOiJrb3RsaW5lQGdtYWlsLmNvbSIsInVzZXJOaWNrIjoi7Jik64yA7JiBIiwidXNlclJvbGUiOiJST0xFX1NFTklPUl9NQU5BR0VSIiwidXNlcklkIjoic2VuaW9yMSIsImVtYWlsIjoia290bGluZUBnbWFpbC5jb20ifQ.3FBKcfrqmOQdNqcWrgNwiCpmzC7OwRlY2H1IUyt8Pjo'),('2024-10-25 18:59:06.624899',81,19,'eyJ0eXAiOiJKV1QiLCJhbGciOiJIUzI1NiJ9.eyJpc3MiOiJqYXZhNDA1X3RlYW0xX2ZpbmFsX2lzc3VlciIsImlhdCI6MTcyOTc2Mzk0NiwiZXhwIjoxNzI5ODUwMzQ2LCJzdWIiOiJidXNhbkBuYXZlci5jb20iLCJ1c2VyTmljayI6Iuy1nO2YhOyEnSIsInVzZXJSb2xlIjoiUk9MRV9TRU5JT1JfTUFOQUdFUiIsInVzZXJJZCI6InNlbmlvcjMiLCJlbWFpbCI6ImJ1c2FuQG5hdmVyLmNvbSJ9.ly3sMxANdeWsJId5bOBioWsxI0RAY03GqjudNRFlWoo'),('2024-10-25 19:12:52.387841',82,2,'eyJ0eXAiOiJKV1QiLCJhbGciOiJIUzI1NiJ9.eyJpc3MiOiJqYXZhNDA1X3RlYW0xX2ZpbmFsX2lzc3VlciIsImlhdCI6MTcyOTc2NDc3MiwiZXhwIjoxNzI5ODUxMTcyLCJzdWIiOiJrb3RsaW5lQGdtYWlsLmNvbSIsInVzZXJOaWNrIjoi7Jik64yA7JiBIiwidXNlclJvbGUiOiJST0xFX1NFTklPUl9NQU5BR0VSIiwidXNlcklkIjoic2VuaW9yMSIsImVtYWlsIjoia290bGluZUBnbWFpbC5jb20ifQ.zSbP52LJfImpU_wAhA4_vnbmq6pqSEbPVy80-erFz1o'),('2024-10-25 19:14:52.735368',83,2,'eyJ0eXAiOiJKV1QiLCJhbGciOiJIUzI1NiJ9.eyJpc3MiOiJqYXZhNDA1X3RlYW0xX2ZpbmFsX2lzc3VlciIsImlhdCI6MTcyOTc2NDg5MiwiZXhwIjoxNzI5ODUxMjkyLCJzdWIiOiJrb3RsaW5lQGdtYWlsLmNvbSIsInVzZXJOaWNrIjoi7Jik64yA7JiBIiwidXNlclJvbGUiOiJST0xFX1NFTklPUl9NQU5BR0VSIiwidXNlcklkIjoic2VuaW9yMSIsImVtYWlsIjoia290bGluZUBnbWFpbC5jb20ifQ.LxfrjeT0LiVnD2T7iZx3O3sTbvcM_odxiTNZswiNgvg'),('2024-10-25 19:21:27.602013',84,1,'eyJ0eXAiOiJKV1QiLCJhbGciOiJIUzI1NiJ9.eyJpc3MiOiJqYXZhNDA1X3RlYW0xX2ZpbmFsX2lzc3VlciIsImlhdCI6MTcyOTc2NTI4NywiZXhwIjoxNzI5ODUxNjg3LCJzdWIiOiJqYXZhbWFuYWdlckBuYXZlci5jb20iLCJ1c2VyTmljayI6Iu2ZqeyImOyglSIsInVzZXJSb2xlIjoiUk9MRV9NQU5BR0VSIiwidXNlcklkIjoibWFuYWdlcjEiLCJlbWFpbCI6ImphdmFtYW5hZ2VyQG5hdmVyLmNvbSJ9.QdjPGnHvn7CLWJ6qCLrNOqIZyDPCpWWnM2aDLv_3KcI'),('2024-10-25 19:30:41.738091',85,13,'eyJ0eXAiOiJKV1QiLCJhbGciOiJIUzI1NiJ9.eyJpc3MiOiJqYXZhNDA1X3RlYW0xX2ZpbmFsX2lzc3VlciIsImlhdCI6MTcyOTc2NTg0MSwiZXhwIjoxNzI5ODUyMjQxLCJzdWIiOiJtYXN0ZXJAbmF2ZXIuY29tIiwidXNlck5pY2siOiLrp4jsiqTthLAiLCJ1c2VyUm9sZSI6IlJPTEVfTUFOQUdFUiIsInVzZXJJZCI6Im1hc3RlciIsImVtYWlsIjoibWFzdGVyQG5hdmVyLmNvbSJ9.HGaFsBY0yQvBdMrKSVjDStM1-Ta3N8uCzF-_G2cC7rw'),('2024-10-25 19:38:33.287732',86,2,'eyJ0eXAiOiJKV1QiLCJhbGciOiJIUzI1NiJ9.eyJpc3MiOiJqYXZhNDA1X3RlYW0xX2ZpbmFsX2lzc3VlciIsImlhdCI6MTcyOTc2NjMxMywiZXhwIjoxNzI5ODUyNzEzLCJzdWIiOiJrb3RsaW5lQGdtYWlsLmNvbSIsInVzZXJOaWNrIjoi7Jik64yA7JiBIiwidXNlclJvbGUiOiJST0xFX1NFTklPUl9NQU5BR0VSIiwidXNlcklkIjoic2VuaW9yMSIsImVtYWlsIjoia290bGluZUBnbWFpbC5jb20ifQ.RKzmydCfJxEFeMDjCtxqlkghEgfSHpk5jDqL3UhllpY'),('2024-10-25 19:43:34.230284',88,2,'eyJ0eXAiOiJKV1QiLCJhbGciOiJIUzI1NiJ9.eyJpc3MiOiJqYXZhNDA1X3RlYW0xX2ZpbmFsX2lzc3VlciIsImlhdCI6MTcyOTc2NjYxNCwiZXhwIjoxNzI5ODUzMDE0LCJzdWIiOiJrb3RsaW5lQGdtYWlsLmNvbSIsInVzZXJOaWNrIjoi7Jik64yA7JiBIiwidXNlclJvbGUiOiJST0xFX1NFTklPUl9NQU5BR0VSIiwidXNlcklkIjoic2VuaW9yMSIsImVtYWlsIjoia290bGluZUBnbWFpbC5jb20ifQ.sGLlWHOe3XK_sCCldDfoEgepYVWUTRRWcx0KKcqlE5k'),('2024-10-25 19:43:48.798801',89,1,'eyJ0eXAiOiJKV1QiLCJhbGciOiJIUzI1NiJ9.eyJpc3MiOiJqYXZhNDA1X3RlYW0xX2ZpbmFsX2lzc3VlciIsImlhdCI6MTcyOTc2NjYyOCwiZXhwIjoxNzI5ODUzMDI4LCJzdWIiOiJqYXZhbWFuYWdlckBuYXZlci5jb20iLCJ1c2VyTmljayI6Iu2ZqeyImOyglSIsInVzZXJSb2xlIjoiUk9MRV9NQU5BR0VSIiwidXNlcklkIjoibWFuYWdlcjEiLCJlbWFpbCI6ImphdmFtYW5hZ2VyQG5hdmVyLmNvbSJ9.YtCNIYYFR4gh1jx8RfYmGIArZGiQVdzEy9DAcP98hPw'),('2024-10-25 20:01:36.058841',92,2,'eyJ0eXAiOiJKV1QiLCJhbGciOiJIUzI1NiJ9.eyJpc3MiOiJqYXZhNDA1X3RlYW0xX2ZpbmFsX2lzc3VlciIsImlhdCI6MTcyOTc2NzY5NiwiZXhwIjoxNzI5ODU0MDk2LCJzdWIiOiJrb3RsaW5lQGdtYWlsLmNvbSIsInVzZXJOaWNrIjoi7Jik64yA7JiBIiwidXNlclJvbGUiOiJST0xFX1NFTklPUl9NQU5BR0VSIiwidXNlcklkIjoic2VuaW9yMSIsImVtYWlsIjoia290bGluZUBnbWFpbC5jb20ifQ.yXiEN0b7RO1rxbcodHfo4C_sw26_Uda9gcVCo4T9KvU'),('2024-10-25 20:02:54.744166',93,3,'eyJ0eXAiOiJKV1QiLCJhbGciOiJIUzI1NiJ9.eyJpc3MiOiJqYXZhNDA1X3RlYW0xX2ZpbmFsX2lzc3VlciIsImlhdCI6MTcyOTc2Nzc3NCwiZXhwIjoxNzI5ODU0MTc0LCJzdWIiOiJqYXZhQGRhdW0ubmV0IiwidXNlck5pY2siOiLsnbTsirntmIQiLCJ1c2VyUm9sZSI6IlJPTEVfVVNFUiIsInVzZXJJZCI6InVzZXIxIiwiZW1haWwiOiJqYXZhQGRhdW0ubmV0In0.q5DvLn9OHsOIUWap0RwYGAxCF9JFTk5a46SUrBgBs64'),('2024-10-25 20:03:29.834958',94,3,'eyJ0eXAiOiJKV1QiLCJhbGciOiJIUzI1NiJ9.eyJpc3MiOiJqYXZhNDA1X3RlYW0xX2ZpbmFsX2lzc3VlciIsImlhdCI6MTcyOTc2NzgwOSwiZXhwIjoxNzI5ODU0MjA5LCJzdWIiOiJqYXZhQGRhdW0ubmV0IiwidXNlck5pY2siOiLsnbTsirntmIQiLCJ1c2VyUm9sZSI6IlJPTEVfVVNFUiIsInVzZXJJZCI6InVzZXIxIiwiZW1haWwiOiJqYXZhQGRhdW0ubmV0In0.xbY0UAPEDABcOkXwTWlVU9veqWDjXVw_xi4RYTZKfWs'),('2024-10-25 20:04:36.725811',95,3,'eyJ0eXAiOiJKV1QiLCJhbGciOiJIUzI1NiJ9.eyJpc3MiOiJqYXZhNDA1X3RlYW0xX2ZpbmFsX2lzc3VlciIsImlhdCI6MTcyOTc2Nzg3NiwiZXhwIjoxNzI5ODU0Mjc2LCJzdWIiOiJqYXZhQGRhdW0ubmV0IiwidXNlck5pY2siOiLsnbTsirntmIQiLCJ1c2VyUm9sZSI6IlJPTEVfVVNFUiIsInVzZXJJZCI6InVzZXIxIiwiZW1haWwiOiJqYXZhQGRhdW0ubmV0In0.rPB_nfg5uKi7sGasIb2WmAIZU_TF_9s84DrhZnGj5AE'),('2024-10-25 20:10:04.276530',96,3,'eyJ0eXAiOiJKV1QiLCJhbGciOiJIUzI1NiJ9.eyJpc3MiOiJqYXZhNDA1X3RlYW0xX2ZpbmFsX2lzc3VlciIsImlhdCI6MTcyOTc2ODIwNCwiZXhwIjoxNzI5ODU0NjA0LCJzdWIiOiJqYXZhQGRhdW0ubmV0IiwidXNlck5pY2siOiLsnbTsirntmIQiLCJ1c2VyUm9sZSI6IlJPTEVfVVNFUiIsInVzZXJJZCI6InVzZXIxIiwiZW1haWwiOiJqYXZhQGRhdW0ubmV0In0.m9KF8MCebif9pEPGYVLqwN62umI7HUWP0aSZqLdI7WY'),('2024-10-25 20:14:17.934178',97,3,'eyJ0eXAiOiJKV1QiLCJhbGciOiJIUzI1NiJ9.eyJpc3MiOiJqYXZhNDA1X3RlYW0xX2ZpbmFsX2lzc3VlciIsImlhdCI6MTcyOTc2ODQ1NywiZXhwIjoxNzI5ODU0ODU3LCJzdWIiOiJqYXZhQGRhdW0ubmV0IiwidXNlck5pY2siOiLsnbTsirntmIQiLCJ1c2VyUm9sZSI6IlJPTEVfVVNFUiIsInVzZXJJZCI6InVzZXIxIiwiZW1haWwiOiJqYXZhQGRhdW0ubmV0In0.XjLXirNm63T-q5nQjuuWKXT7Lp8gy_zJkVFJZUG-wfg'),('2024-10-25 20:14:35.684303',98,3,'eyJ0eXAiOiJKV1QiLCJhbGciOiJIUzI1NiJ9.eyJpc3MiOiJqYXZhNDA1X3RlYW0xX2ZpbmFsX2lzc3VlciIsImlhdCI6MTcyOTc2ODQ3NSwiZXhwIjoxNzI5ODU0ODc1LCJzdWIiOiJqYXZhQGRhdW0ubmV0IiwidXNlck5pY2siOiLsnbTsirntmIQiLCJ1c2VyUm9sZSI6IlJPTEVfVVNFUiIsInVzZXJJZCI6InVzZXIxIiwiZW1haWwiOiJqYXZhQGRhdW0ubmV0In0.vNnDHC_eLfrs9tRC9mFbkF1QphqFvmKFJf-qi-Nmdhw'),('2024-10-25 20:19:16.889457',99,1,'eyJ0eXAiOiJKV1QiLCJhbGciOiJIUzI1NiJ9.eyJpc3MiOiJqYXZhNDA1X3RlYW0xX2ZpbmFsX2lzc3VlciIsImlhdCI6MTcyOTc2ODc1NiwiZXhwIjoxNzI5ODU1MTU2LCJzdWIiOiJqYXZhbWFuYWdlckBuYXZlci5jb20iLCJ1c2VyTmljayI6Iu2ZqeyImOyglSIsInVzZXJSb2xlIjoiUk9MRV9NQU5BR0VSIiwidXNlcklkIjoibWFuYWdlcjEiLCJlbWFpbCI6ImphdmFtYW5hZ2VyQG5hdmVyLmNvbSJ9.nMW6BMN-6RM7C8NgbXI24FiROc0v-hZnjsRXrkDgeUQ'),('2024-10-25 20:22:17.083244',101,13,'eyJ0eXAiOiJKV1QiLCJhbGciOiJIUzI1NiJ9.eyJpc3MiOiJqYXZhNDA1X3RlYW0xX2ZpbmFsX2lzc3VlciIsImlhdCI6MTcyOTc2ODkzNywiZXhwIjoxNzI5ODU1MzM3LCJzdWIiOiJtYXN0ZXJAbmF2ZXIuY29tIiwidXNlck5pY2siOiLrp4jsiqTthLAiLCJ1c2VyUm9sZSI6IlJPTEVfTUFOQUdFUiIsInVzZXJJZCI6Im1hc3RlciIsImVtYWlsIjoibWFzdGVyQG5hdmVyLmNvbSJ9.xZH18CF_QqfVZzXYCzmHY3SDeNJazwpIy8qLZKO-iHQ'),('2024-10-25 20:28:25.396087',102,2,'eyJ0eXAiOiJKV1QiLCJhbGciOiJIUzI1NiJ9.eyJpc3MiOiJqYXZhNDA1X3RlYW0xX2ZpbmFsX2lzc3VlciIsImlhdCI6MTcyOTc2OTMwNSwiZXhwIjoxNzI5ODU1NzA1LCJzdWIiOiJrb3RsaW5lQGdtYWlsLmNvbSIsInVzZXJOaWNrIjoi7Jik64yA7JiBIiwidXNlclJvbGUiOiJST0xFX1NFTklPUl9NQU5BR0VSIiwidXNlcklkIjoic2VuaW9yMSIsImVtYWlsIjoia290bGluZUBnbWFpbC5jb20ifQ.Gp8VvuOGK1Qh6LUNzLArmYVEmKwLajZ14BO9Roi0ERk'),('2024-10-25 20:30:21.917599',104,2,'eyJ0eXAiOiJKV1QiLCJhbGciOiJIUzI1NiJ9.eyJpc3MiOiJqYXZhNDA1X3RlYW0xX2ZpbmFsX2lzc3VlciIsImlhdCI6MTcyOTc2OTQyMSwiZXhwIjoxNzI5ODU1ODIxLCJzdWIiOiJrb3RsaW5lQGdtYWlsLmNvbSIsInVzZXJOaWNrIjoi7Jik64yA7JiBIiwidXNlclJvbGUiOiJST0xFX1NFTklPUl9NQU5BR0VSIiwidXNlcklkIjoic2VuaW9yMSIsImVtYWlsIjoia290bGluZUBnbWFpbC5jb20ifQ.5M3cIMTicoSElfuEc3WDJ_uNxRtzJeRYRNjYGd7m66c'),('2024-10-25 20:31:02.511216',105,2,'eyJ0eXAiOiJKV1QiLCJhbGciOiJIUzI1NiJ9.eyJpc3MiOiJqYXZhNDA1X3RlYW0xX2ZpbmFsX2lzc3VlciIsImlhdCI6MTcyOTc2OTQ2MiwiZXhwIjoxNzI5ODU1ODYyLCJzdWIiOiJrb3RsaW5lQGdtYWlsLmNvbSIsInVzZXJOaWNrIjoi7Jik64yA7JiBIiwidXNlclJvbGUiOiJST0xFX1NFTklPUl9NQU5BR0VSIiwidXNlcklkIjoic2VuaW9yMSIsImVtYWlsIjoia290bGluZUBnbWFpbC5jb20ifQ.t276s2w2rWQU5a8uH86gFo7yudav_AB7m47SRNM9GRg'),('2024-10-25 20:35:39.335795',107,2,'eyJ0eXAiOiJKV1QiLCJhbGciOiJIUzI1NiJ9.eyJpc3MiOiJqYXZhNDA1X3RlYW0xX2ZpbmFsX2lzc3VlciIsImlhdCI6MTcyOTc2OTczOSwiZXhwIjoxNzI5ODU2MTM5LCJzdWIiOiJrb3RsaW5lQGdtYWlsLmNvbSIsInVzZXJOaWNrIjoi7Jik64yA7JiBIiwidXNlclJvbGUiOiJST0xFX1NFTklPUl9NQU5BR0VSIiwidXNlcklkIjoic2VuaW9yMSIsImVtYWlsIjoia290bGluZUBnbWFpbC5jb20ifQ.AdHvTXIqD-7qyKTU6UboEfAVQONUJK9ZDuiBGUAGxVo'),('2024-10-25 20:36:07.906346',108,2,'eyJ0eXAiOiJKV1QiLCJhbGciOiJIUzI1NiJ9.eyJpc3MiOiJqYXZhNDA1X3RlYW0xX2ZpbmFsX2lzc3VlciIsImlhdCI6MTcyOTc2OTc2NywiZXhwIjoxNzI5ODU2MTY3LCJzdWIiOiJrb3RsaW5lQGdtYWlsLmNvbSIsInVzZXJOaWNrIjoi7Jik64yA7JiBIiwidXNlclJvbGUiOiJST0xFX1NFTklPUl9NQU5BR0VSIiwidXNlcklkIjoic2VuaW9yMSIsImVtYWlsIjoia290bGluZUBnbWFpbC5jb20ifQ.CK-CMbtLNLhHYgDkv2s7vdeLix411P8lLImMZHhE0R8'),('2024-10-25 20:38:07.862487',110,2,'eyJ0eXAiOiJKV1QiLCJhbGciOiJIUzI1NiJ9.eyJpc3MiOiJqYXZhNDA1X3RlYW0xX2ZpbmFsX2lzc3VlciIsImlhdCI6MTcyOTc2OTg4NywiZXhwIjoxNzI5ODU2Mjg3LCJzdWIiOiJrb3RsaW5lQGdtYWlsLmNvbSIsInVzZXJOaWNrIjoi7Jik64yA7JiBIiwidXNlclJvbGUiOiJST0xFX1NFTklPUl9NQU5BR0VSIiwidXNlcklkIjoic2VuaW9yMSIsImVtYWlsIjoia290bGluZUBnbWFpbC5jb20ifQ.kIvdmQ1uCscRIAmOwEIRiJhFNFihlmF8xxu4KAxdbz8'),('2024-10-25 20:42:02.933238',112,3,'eyJ0eXAiOiJKV1QiLCJhbGciOiJIUzI1NiJ9.eyJpc3MiOiJqYXZhNDA1X3RlYW0xX2ZpbmFsX2lzc3VlciIsImlhdCI6MTcyOTc3MDEyMiwiZXhwIjoxNzI5ODU2NTIyLCJzdWIiOiJqYXZhQGRhdW0ubmV0IiwidXNlck5pY2siOiLsnbTsirntmIQiLCJ1c2VyUm9sZSI6IlJPTEVfVVNFUiIsInVzZXJJZCI6InVzZXIxIiwiZW1haWwiOiJqYXZhQGRhdW0ubmV0In0.8yrCa5yUi0FPmYt7Wsy2K94Y7eq_git49DLzizqbCk8'),('2024-10-25 20:50:44.089589',115,2,'eyJ0eXAiOiJKV1QiLCJhbGciOiJIUzI1NiJ9.eyJpc3MiOiJqYXZhNDA1X3RlYW0xX2ZpbmFsX2lzc3VlciIsImlhdCI6MTcyOTc3MDY0NCwiZXhwIjoxNzI5ODU3MDQ0LCJzdWIiOiJrb3RsaW5lQGdtYWlsLmNvbSIsInVzZXJOaWNrIjoi7Jik64yA7JiBIiwidXNlclJvbGUiOiJST0xFX1NFTklPUl9NQU5BR0VSIiwidXNlcklkIjoic2VuaW9yMSIsImVtYWlsIjoia290bGluZUBnbWFpbC5jb20ifQ.EeMv6fIWwg41nuwpijQrzAkLCEbu7DksVA9hN__8zic'),('2024-10-25 20:53:34.659486',119,1,'eyJ0eXAiOiJKV1QiLCJhbGciOiJIUzI1NiJ9.eyJpc3MiOiJqYXZhNDA1X3RlYW0xX2ZpbmFsX2lzc3VlciIsImlhdCI6MTcyOTc3MDgxNCwiZXhwIjoxNzI5ODU3MjE0LCJzdWIiOiJqYXZhbWFuYWdlckBuYXZlci5jb20iLCJ1c2VyTmljayI6Iu2ZqeyImOyglSIsInVzZXJSb2xlIjoiUk9MRV9NQU5BR0VSIiwidXNlcklkIjoibWFuYWdlcjEiLCJlbWFpbCI6ImphdmFtYW5hZ2VyQG5hdmVyLmNvbSJ9.LAP-yMJ9HxlnNh2NJWsYo7f-OuTyQ2whhLuaq5QB_84'),('2024-10-25 20:53:50.308834',120,2,'eyJ0eXAiOiJKV1QiLCJhbGciOiJIUzI1NiJ9.eyJpc3MiOiJqYXZhNDA1X3RlYW0xX2ZpbmFsX2lzc3VlciIsImlhdCI6MTcyOTc3MDgzMCwiZXhwIjoxNzI5ODU3MjMwLCJzdWIiOiJrb3RsaW5lQGdtYWlsLmNvbSIsInVzZXJOaWNrIjoi7Jik64yA7JiBIiwidXNlclJvbGUiOiJST0xFX1NFTklPUl9NQU5BR0VSIiwidXNlcklkIjoic2VuaW9yMSIsImVtYWlsIjoia290bGluZUBnbWFpbC5jb20ifQ.XCFSfXQGP41WvhVQEmVRBirdmRgFpKwDkusO8IYjPd4'),('2024-10-25 21:05:06.952635',122,2,'eyJ0eXAiOiJKV1QiLCJhbGciOiJIUzI1NiJ9.eyJpc3MiOiJqYXZhNDA1X3RlYW0xX2ZpbmFsX2lzc3VlciIsImlhdCI6MTcyOTc3MTUwNiwiZXhwIjoxNzI5ODU3OTA2LCJzdWIiOiJrb3RsaW5lQGdtYWlsLmNvbSIsInVzZXJOaWNrIjoi7Jik64yA7JiBIiwidXNlclJvbGUiOiJST0xFX1NFTklPUl9NQU5BR0VSIiwidXNlcklkIjoic2VuaW9yMSIsImVtYWlsIjoia290bGluZUBnbWFpbC5jb20ifQ.70kkNxZo1v0UQpNDXg3T8ifuv4HJjNuqOgujL1GtRoc'),('2024-10-25 21:09:23.062070',124,2,'eyJ0eXAiOiJKV1QiLCJhbGciOiJIUzI1NiJ9.eyJpc3MiOiJqYXZhNDA1X3RlYW0xX2ZpbmFsX2lzc3VlciIsImlhdCI6MTcyOTc3MTc2MywiZXhwIjoxNzI5ODU4MTYzLCJzdWIiOiJrb3RsaW5lQGdtYWlsLmNvbSIsInVzZXJOaWNrIjoi7Jik64yA7JiBIiwidXNlclJvbGUiOiJST0xFX1NFTklPUl9NQU5BR0VSIiwidXNlcklkIjoic2VuaW9yMSIsImVtYWlsIjoia290bGluZUBnbWFpbC5jb20ifQ.gCrYwcg0CwrPjaPgDjnvSXpGxx6OssDE-gvuDKMC1OM'),('2024-10-25 21:13:14.648038',126,2,'eyJ0eXAiOiJKV1QiLCJhbGciOiJIUzI1NiJ9.eyJpc3MiOiJqYXZhNDA1X3RlYW0xX2ZpbmFsX2lzc3VlciIsImlhdCI6MTcyOTc3MTk5NCwiZXhwIjoxNzI5ODU4Mzk0LCJzdWIiOiJrb3RsaW5lQGdtYWlsLmNvbSIsInVzZXJOaWNrIjoi7Jik64yA7JiBIiwidXNlclJvbGUiOiJST0xFX1NFTklPUl9NQU5BR0VSIiwidXNlcklkIjoic2VuaW9yMSIsImVtYWlsIjoia290bGluZUBnbWFpbC5jb20ifQ.q2A_6MUklZho0Y1VKwicYSrJiU_0VqKBG8AUtgbIN_0'),('2024-10-26 00:55:06.363057',127,2,'eyJ0eXAiOiJKV1QiLCJhbGciOiJIUzI1NiJ9.eyJpc3MiOiJqYXZhNDA1X3RlYW0xX2ZpbmFsX2lzc3VlciIsImlhdCI6MTcyOTc4NTMwNiwiZXhwIjoxNzI5ODcxNzA2LCJzdWIiOiJrb3RsaW5lQGdtYWlsLmNvbSIsInVzZXJOaWNrIjoi7Jik64yA7JiBIiwidXNlclJvbGUiOiJST0xFX1NFTklPUl9NQU5BR0VSIiwidXNlcklkIjoic2VuaW9yMSIsImVtYWlsIjoia290bGluZUBnbWFpbC5jb20ifQ.6e8ToN7WA4gys4JtaDP_D0gIjR_joKiPYpwobgmgbMY'),('2024-10-26 00:59:37.783323',128,1,'eyJ0eXAiOiJKV1QiLCJhbGciOiJIUzI1NiJ9.eyJpc3MiOiJqYXZhNDA1X3RlYW0xX2ZpbmFsX2lzc3VlciIsImlhdCI6MTcyOTc4NTU3NywiZXhwIjoxNzI5ODcxOTc3LCJzdWIiOiJqYXZhbWFuYWdlckBuYXZlci5jb20iLCJ1c2VyTmljayI6Iu2ZqeyImOyglSIsInVzZXJSb2xlIjoiUk9MRV9NQU5BR0VSIiwidXNlcklkIjoibWFuYWdlcjEiLCJlbWFpbCI6ImphdmFtYW5hZ2VyQG5hdmVyLmNvbSJ9.YpPxKfaXtSrp249yLcxLuHRslBvlfyIaRcJl_uhN6sA'),('2024-10-26 01:01:19.708122',129,2,'eyJ0eXAiOiJKV1QiLCJhbGciOiJIUzI1NiJ9.eyJpc3MiOiJqYXZhNDA1X3RlYW0xX2ZpbmFsX2lzc3VlciIsImlhdCI6MTcyOTc4NTY3OSwiZXhwIjoxNzI5ODcyMDc5LCJzdWIiOiJrb3RsaW5lQGdtYWlsLmNvbSIsInVzZXJOaWNrIjoi7Jik64yA7JiBIiwidXNlclJvbGUiOiJST0xFX1NFTklPUl9NQU5BR0VSIiwidXNlcklkIjoic2VuaW9yMSIsImVtYWlsIjoia290bGluZUBnbWFpbC5jb20ifQ.09p-dsKuoVsyG-ZSHRzlniOnyJHb-PFcEynrL5PGHg8'),('2024-10-26 01:01:50.642491',130,1,'eyJ0eXAiOiJKV1QiLCJhbGciOiJIUzI1NiJ9.eyJpc3MiOiJqYXZhNDA1X3RlYW0xX2ZpbmFsX2lzc3VlciIsImlhdCI6MTcyOTc4NTcxMCwiZXhwIjoxNzI5ODcyMTEwLCJzdWIiOiJqYXZhbWFuYWdlckBuYXZlci5jb20iLCJ1c2VyTmljayI6Iu2ZqeyImOyglSIsInVzZXJSb2xlIjoiUk9MRV9NQU5BR0VSIiwidXNlcklkIjoibWFuYWdlcjEiLCJlbWFpbCI6ImphdmFtYW5hZ2VyQG5hdmVyLmNvbSJ9.9c3FNrudUEPlhWVzVxo8tJB4t4MRQXdBShi2yHFVQ2g'),('2024-10-26 01:07:50.047735',131,2,'eyJ0eXAiOiJKV1QiLCJhbGciOiJIUzI1NiJ9.eyJpc3MiOiJqYXZhNDA1X3RlYW0xX2ZpbmFsX2lzc3VlciIsImlhdCI6MTcyOTc4NjA3MCwiZXhwIjoxNzI5ODcyNDcwLCJzdWIiOiJrb3RsaW5lQGdtYWlsLmNvbSIsInVzZXJOaWNrIjoi7Jik64yA7JiBIiwidXNlclJvbGUiOiJST0xFX1NFTklPUl9NQU5BR0VSIiwidXNlcklkIjoic2VuaW9yMSIsImVtYWlsIjoia290bGluZUBnbWFpbC5jb20ifQ.ihjcg4CrPXbXZr6nQXuFbzUscZXtwvOBd0lkTQYUpWg'),('2024-10-26 01:23:35.804791',137,2,'eyJ0eXAiOiJKV1QiLCJhbGciOiJIUzI1NiJ9.eyJpc3MiOiJqYXZhNDA1X3RlYW0xX2ZpbmFsX2lzc3VlciIsImlhdCI6MTcyOTc4NzAxNSwiZXhwIjoxNzI5ODczNDE1LCJzdWIiOiJrb3RsaW5lQGdtYWlsLmNvbSIsInVzZXJOaWNrIjoi7Jik64yA7JiBIiwidXNlclJvbGUiOiJST0xFX1NFTklPUl9NQU5BR0VSIiwidXNlcklkIjoic2VuaW9yMSIsImVtYWlsIjoia290bGluZUBnbWFpbC5jb20ifQ.JVIu2q8z_9W7qfMqoyeOkE72Y8p-BXxxNpagnvX_erk'),('2024-10-26 01:50:12.681944',140,2,'eyJ0eXAiOiJKV1QiLCJhbGciOiJIUzI1NiJ9.eyJpc3MiOiJqYXZhNDA1X3RlYW0xX2ZpbmFsX2lzc3VlciIsImlhdCI6MTcyOTc4ODYxMiwiZXhwIjoxNzI5ODc1MDEyLCJzdWIiOiJrb3RsaW5lQGdtYWlsLmNvbSIsInVzZXJOaWNrIjoi7Jik64yA7JiBIiwidXNlclJvbGUiOiJST0xFX1NFTklPUl9NQU5BR0VSIiwidXNlcklkIjoic2VuaW9yMSIsImVtYWlsIjoia290bGluZUBnbWFpbC5jb20ifQ.rpiRfZKMjFkMLTuwyisAKFV4z0CLjh36b4rSvkeK-yo'),('2024-10-26 09:12:20.001127',141,1,'eyJ0eXAiOiJKV1QiLCJhbGciOiJIUzI1NiJ9.eyJpc3MiOiJqYXZhNDA1X3RlYW0xX2ZpbmFsX2lzc3VlciIsImlhdCI6MTcyOTgxNTE0MCwiZXhwIjoxNzI5OTAxNTQwLCJzdWIiOiJqYXZhbWFuYWdlckBuYXZlci5jb20iLCJ1c2VyTmljayI6Iu2ZqeyImOyglSIsInVzZXJSb2xlIjoiUk9MRV9NQU5BR0VSIiwidXNlcklkIjoibWFuYWdlcjEiLCJlbWFpbCI6ImphdmFtYW5hZ2VyQG5hdmVyLmNvbSJ9.eXFNavYCtIHLd8FOPPUPbG9MHU1YKSIcWwWKbttofjA'),('2024-10-26 09:14:48.004868',142,1,'eyJ0eXAiOiJKV1QiLCJhbGciOiJIUzI1NiJ9.eyJpc3MiOiJqYXZhNDA1X3RlYW0xX2ZpbmFsX2lzc3VlciIsImlhdCI6MTcyOTgxNTI4OCwiZXhwIjoxNzI5OTAxNjg4LCJzdWIiOiJqYXZhbWFuYWdlckBuYXZlci5jb20iLCJ1c2VyTmljayI6Iu2ZqeyImOyglSIsInVzZXJSb2xlIjoiUk9MRV9NQU5BR0VSIiwidXNlcklkIjoibWFuYWdlcjEiLCJlbWFpbCI6ImphdmFtYW5hZ2VyQG5hdmVyLmNvbSJ9.PfVPKD0vQqde7-pdJ1kqFAefleFseQxw-zztvUceEvE'),('2024-10-26 09:17:38.480155',143,1,'eyJ0eXAiOiJKV1QiLCJhbGciOiJIUzI1NiJ9.eyJpc3MiOiJqYXZhNDA1X3RlYW0xX2ZpbmFsX2lzc3VlciIsImlhdCI6MTcyOTgxNTQ1OCwiZXhwIjoxNzI5OTAxODU4LCJzdWIiOiJqYXZhbWFuYWdlckBuYXZlci5jb20iLCJ1c2VyTmljayI6Iu2ZqeyImOyglSIsInVzZXJSb2xlIjoiUk9MRV9NQU5BR0VSIiwidXNlcklkIjoibWFuYWdlcjEiLCJlbWFpbCI6ImphdmFtYW5hZ2VyQG5hdmVyLmNvbSJ9.aqUyKg7bfefrjDWTOOXCatFFAxjOAGylR7ROuq5wl8M'),('2024-10-26 09:19:33.813886',144,2,'eyJ0eXAiOiJKV1QiLCJhbGciOiJIUzI1NiJ9.eyJpc3MiOiJqYXZhNDA1X3RlYW0xX2ZpbmFsX2lzc3VlciIsImlhdCI6MTcyOTgxNTU3MywiZXhwIjoxNzI5OTAxOTczLCJzdWIiOiJrb3RsaW5lQGdtYWlsLmNvbSIsInVzZXJOaWNrIjoi7Jik64yA7JiBIiwidXNlclJvbGUiOiJST0xFX1NFTklPUl9NQU5BR0VSIiwidXNlcklkIjoic2VuaW9yMSIsImVtYWlsIjoia290bGluZUBnbWFpbC5jb20ifQ.2XM23bYGR4UzNYKahJqR0jV8NnmCnTSZn0hTrXHV_3Y'),('2024-10-26 09:21:32.083333',145,1,'eyJ0eXAiOiJKV1QiLCJhbGciOiJIUzI1NiJ9.eyJpc3MiOiJqYXZhNDA1X3RlYW0xX2ZpbmFsX2lzc3VlciIsImlhdCI6MTcyOTgxNTY5MiwiZXhwIjoxNzI5OTAyMDkyLCJzdWIiOiJqYXZhbWFuYWdlckBuYXZlci5jb20iLCJ1c2VyTmljayI6Iu2ZqeyImOyglSIsInVzZXJSb2xlIjoiUk9MRV9NQU5BR0VSIiwidXNlcklkIjoibWFuYWdlcjEiLCJlbWFpbCI6ImphdmFtYW5hZ2VyQG5hdmVyLmNvbSJ9.ODg63ibUlhITMkWqBySiLN9JCjF70vHywtRVyB2FiSg'),('2024-10-26 09:24:51.336717',146,2,'eyJ0eXAiOiJKV1QiLCJhbGciOiJIUzI1NiJ9.eyJpc3MiOiJqYXZhNDA1X3RlYW0xX2ZpbmFsX2lzc3VlciIsImlhdCI6MTcyOTgxNTg5MSwiZXhwIjoxNzI5OTAyMjkxLCJzdWIiOiJrb3RsaW5lQGdtYWlsLmNvbSIsInVzZXJOaWNrIjoi7Jik64yA7JiBIiwidXNlclJvbGUiOiJST0xFX1NFTklPUl9NQU5BR0VSIiwidXNlcklkIjoic2VuaW9yMSIsImVtYWlsIjoia290bGluZUBnbWFpbC5jb20ifQ.yRnhbp7C_ai9UhmLXLXdkddfv5M7BCauav3OzfvHJ3g'),('2024-10-26 09:24:52.546405',147,1,'eyJ0eXAiOiJKV1QiLCJhbGciOiJIUzI1NiJ9.eyJpc3MiOiJqYXZhNDA1X3RlYW0xX2ZpbmFsX2lzc3VlciIsImlhdCI6MTcyOTgxNTg5MiwiZXhwIjoxNzI5OTAyMjkyLCJzdWIiOiJqYXZhbWFuYWdlckBuYXZlci5jb20iLCJ1c2VyTmljayI6Iu2ZqeyImOyglSIsInVzZXJSb2xlIjoiUk9MRV9NQU5BR0VSIiwidXNlcklkIjoibWFuYWdlcjEiLCJlbWFpbCI6ImphdmFtYW5hZ2VyQG5hdmVyLmNvbSJ9.pGWFp_M0pLut1P4YHwAVyHDnf_hD7kxGvY78aFu6ubA'),('2024-10-26 09:25:14.475850',148,1,'eyJ0eXAiOiJKV1QiLCJhbGciOiJIUzI1NiJ9.eyJpc3MiOiJqYXZhNDA1X3RlYW0xX2ZpbmFsX2lzc3VlciIsImlhdCI6MTcyOTgxNTkxNCwiZXhwIjoxNzI5OTAyMzE0LCJzdWIiOiJqYXZhbWFuYWdlckBuYXZlci5jb20iLCJ1c2VyTmljayI6Iu2ZqeyImOyglSIsInVzZXJSb2xlIjoiUk9MRV9NQU5BR0VSIiwidXNlcklkIjoibWFuYWdlcjEiLCJlbWFpbCI6ImphdmFtYW5hZ2VyQG5hdmVyLmNvbSJ9.zw87UY3FUsY0x9jZYez4gMZCkykBm31pEWjlZ6XionM'),('2024-10-26 09:28:45.215643',149,1,'eyJ0eXAiOiJKV1QiLCJhbGciOiJIUzI1NiJ9.eyJpc3MiOiJqYXZhNDA1X3RlYW0xX2ZpbmFsX2lzc3VlciIsImlhdCI6MTcyOTgxNjEyNSwiZXhwIjoxNzI5OTAyNTI1LCJzdWIiOiJqYXZhbWFuYWdlckBuYXZlci5jb20iLCJ1c2VyTmljayI6Iu2ZqeyImOyglSIsInVzZXJSb2xlIjoiUk9MRV9NQU5BR0VSIiwidXNlcklkIjoibWFuYWdlcjEiLCJlbWFpbCI6ImphdmFtYW5hZ2VyQG5hdmVyLmNvbSJ9.eBuYL_Awb1TMv1NhO9Kwu26uwmHXG5SH7dSCnrCsXDU'),('2024-10-26 09:32:44.128284',150,1,'eyJ0eXAiOiJKV1QiLCJhbGciOiJIUzI1NiJ9.eyJpc3MiOiJqYXZhNDA1X3RlYW0xX2ZpbmFsX2lzc3VlciIsImlhdCI6MTcyOTgxNjM2NCwiZXhwIjoxNzI5OTAyNzY0LCJzdWIiOiJqYXZhbWFuYWdlckBuYXZlci5jb20iLCJ1c2VyTmljayI6Iu2ZqeyImOyglSIsInVzZXJSb2xlIjoiUk9MRV9NQU5BR0VSIiwidXNlcklkIjoibWFuYWdlcjEiLCJlbWFpbCI6ImphdmFtYW5hZ2VyQG5hdmVyLmNvbSJ9.-MyC-z2SL5yl1SrCBmgnZkKD8-n9T2BblKEGDSMXe3k'),('2024-10-26 09:35:39.936536',151,1,'eyJ0eXAiOiJKV1QiLCJhbGciOiJIUzI1NiJ9.eyJpc3MiOiJqYXZhNDA1X3RlYW0xX2ZpbmFsX2lzc3VlciIsImlhdCI6MTcyOTgxNjUzOSwiZXhwIjoxNzI5OTAyOTM5LCJzdWIiOiJqYXZhbWFuYWdlckBuYXZlci5jb20iLCJ1c2VyTmljayI6Iu2ZqeyImOyglSIsInVzZXJSb2xlIjoiUk9MRV9NQU5BR0VSIiwidXNlcklkIjoibWFuYWdlcjEiLCJlbWFpbCI6ImphdmFtYW5hZ2VyQG5hdmVyLmNvbSJ9.ryjvayCJBUTuIhlkHMIQB5KdqGsbfmgagLlXKFY5kIQ'),('2024-10-26 09:38:42.580800',152,2,'eyJ0eXAiOiJKV1QiLCJhbGciOiJIUzI1NiJ9.eyJpc3MiOiJqYXZhNDA1X3RlYW0xX2ZpbmFsX2lzc3VlciIsImlhdCI6MTcyOTgxNjcyMiwiZXhwIjoxNzI5OTAzMTIyLCJzdWIiOiJrb3RsaW5lQGdtYWlsLmNvbSIsInVzZXJOaWNrIjoi7Jik64yA7JiBIiwidXNlclJvbGUiOiJST0xFX1NFTklPUl9NQU5BR0VSIiwidXNlcklkIjoic2VuaW9yMSIsImVtYWlsIjoia290bGluZUBnbWFpbC5jb20ifQ.Oqkqab_xUVPN_bUE25hWeWyn0GmLtNkj1sF8gYL0o3Q'),('2024-10-26 09:39:11.718935',153,1,'eyJ0eXAiOiJKV1QiLCJhbGciOiJIUzI1NiJ9.eyJpc3MiOiJqYXZhNDA1X3RlYW0xX2ZpbmFsX2lzc3VlciIsImlhdCI6MTcyOTgxNjc1MSwiZXhwIjoxNzI5OTAzMTUxLCJzdWIiOiJqYXZhbWFuYWdlckBuYXZlci5jb20iLCJ1c2VyTmljayI6Iu2ZqeyImOyglSIsInVzZXJSb2xlIjoiUk9MRV9NQU5BR0VSIiwidXNlcklkIjoibWFuYWdlcjEiLCJlbWFpbCI6ImphdmFtYW5hZ2VyQG5hdmVyLmNvbSJ9.i4x9oIn2lrznI8xlluWvZh5xhttToLjU-OAKp3AsUS4'),('2024-10-26 09:39:45.553210',154,1,'eyJ0eXAiOiJKV1QiLCJhbGciOiJIUzI1NiJ9.eyJpc3MiOiJqYXZhNDA1X3RlYW0xX2ZpbmFsX2lzc3VlciIsImlhdCI6MTcyOTgxNjc4NSwiZXhwIjoxNzI5OTAzMTg1LCJzdWIiOiJqYXZhbWFuYWdlckBuYXZlci5jb20iLCJ1c2VyTmljayI6Iu2ZqeyImOyglSIsInVzZXJSb2xlIjoiUk9MRV9NQU5BR0VSIiwidXNlcklkIjoibWFuYWdlcjEiLCJlbWFpbCI6ImphdmFtYW5hZ2VyQG5hdmVyLmNvbSJ9.F29LRPdTnHjKDD1q8eVxUr9ZNPHdsywD1IAJ9HL5nZY'),('2024-10-26 09:44:46.493922',155,2,'eyJ0eXAiOiJKV1QiLCJhbGciOiJIUzI1NiJ9.eyJpc3MiOiJqYXZhNDA1X3RlYW0xX2ZpbmFsX2lzc3VlciIsImlhdCI6MTcyOTgxNzA4NiwiZXhwIjoxNzI5OTAzNDg2LCJzdWIiOiJrb3RsaW5lQGdtYWlsLmNvbSIsInVzZXJOaWNrIjoi7Jik64yA7JiBIiwidXNlclJvbGUiOiJST0xFX1NFTklPUl9NQU5BR0VSIiwidXNlcklkIjoic2VuaW9yMSIsImVtYWlsIjoia290bGluZUBnbWFpbC5jb20ifQ.MIzyJdKJYKoBz0NVymXX1EaUz_S3Wrm-8EY4INv-ZkE'),('2024-10-26 09:45:28.718177',156,1,'eyJ0eXAiOiJKV1QiLCJhbGciOiJIUzI1NiJ9.eyJpc3MiOiJqYXZhNDA1X3RlYW0xX2ZpbmFsX2lzc3VlciIsImlhdCI6MTcyOTgxNzEyOCwiZXhwIjoxNzI5OTAzNTI4LCJzdWIiOiJqYXZhbWFuYWdlckBuYXZlci5jb20iLCJ1c2VyTmljayI6Iu2ZqeyImOyglSIsInVzZXJSb2xlIjoiUk9MRV9NQU5BR0VSIiwidXNlcklkIjoibWFuYWdlcjEiLCJlbWFpbCI6ImphdmFtYW5hZ2VyQG5hdmVyLmNvbSJ9.bY0uUmHbTMXCE5fcXglWNlRD_2o4M-M4wMBxFPUjmcM'),('2024-10-26 09:46:46.860054',157,1,'eyJ0eXAiOiJKV1QiLCJhbGciOiJIUzI1NiJ9.eyJpc3MiOiJqYXZhNDA1X3RlYW0xX2ZpbmFsX2lzc3VlciIsImlhdCI6MTcyOTgxNzIwNiwiZXhwIjoxNzI5OTAzNjA2LCJzdWIiOiJqYXZhbWFuYWdlckBuYXZlci5jb20iLCJ1c2VyTmljayI6Iu2ZqeyImOyglSIsInVzZXJSb2xlIjoiUk9MRV9NQU5BR0VSIiwidXNlcklkIjoibWFuYWdlcjEiLCJlbWFpbCI6ImphdmFtYW5hZ2VyQG5hdmVyLmNvbSJ9.VW1fOvR1-2NpZGmEey8bi0iLic8vJ-VeJHNchIN1xOA'),('2024-10-26 10:20:51.395136',158,2,'eyJ0eXAiOiJKV1QiLCJhbGciOiJIUzI1NiJ9.eyJpc3MiOiJqYXZhNDA1X3RlYW0xX2ZpbmFsX2lzc3VlciIsImlhdCI6MTcyOTgxOTI1MSwiZXhwIjoxNzI5OTA1NjUxLCJzdWIiOiJrb3RsaW5lQGdtYWlsLmNvbSIsInVzZXJOaWNrIjoi7Jik64yA7JiBIiwidXNlclJvbGUiOiJST0xFX1NFTklPUl9NQU5BR0VSIiwidXNlcklkIjoic2VuaW9yMSIsImVtYWlsIjoia290bGluZUBnbWFpbC5jb20ifQ.re1rxm5avVgYgp2infAFjHZlRys4QTlogMld5giiluQ'),('2024-10-26 10:33:15.681681',163,2,'eyJ0eXAiOiJKV1QiLCJhbGciOiJIUzI1NiJ9.eyJpc3MiOiJqYXZhNDA1X3RlYW0xX2ZpbmFsX2lzc3VlciIsImlhdCI6MTcyOTgxOTk5NSwiZXhwIjoxNzI5OTA2Mzk1LCJzdWIiOiJrb3RsaW5lQGdtYWlsLmNvbSIsInVzZXJOaWNrIjoi7Jik64yA7JiBIiwidXNlclJvbGUiOiJST0xFX1NFTklPUl9NQU5BR0VSIiwidXNlcklkIjoic2VuaW9yMSIsImVtYWlsIjoia290bGluZUBnbWFpbC5jb20ifQ.JMpf0D04lroGNsgEk6Hox6R4PUBKjH329YkEE8dp_m4'),('2024-10-26 10:41:55.647444',165,2,'eyJ0eXAiOiJKV1QiLCJhbGciOiJIUzI1NiJ9.eyJpc3MiOiJqYXZhNDA1X3RlYW0xX2ZpbmFsX2lzc3VlciIsImlhdCI6MTcyOTgyMDUxNSwiZXhwIjoxNzI5OTA2OTE1LCJzdWIiOiJrb3RsaW5lQGdtYWlsLmNvbSIsInVzZXJOaWNrIjoi7Jik64yA7JiBIiwidXNlclJvbGUiOiJST0xFX1NFTklPUl9NQU5BR0VSIiwidXNlcklkIjoic2VuaW9yMSIsImVtYWlsIjoia290bGluZUBnbWFpbC5jb20ifQ.JMJJLnQEr_UButvvlEB3CML9Swp10dyNCLH3Hi2H7ZQ'),('2024-10-26 10:54:37.939815',166,2,'eyJ0eXAiOiJKV1QiLCJhbGciOiJIUzI1NiJ9.eyJpc3MiOiJqYXZhNDA1X3RlYW0xX2ZpbmFsX2lzc3VlciIsImlhdCI6MTcyOTgyMTI3NywiZXhwIjoxNzI5ODIxMjc3LCJzdWIiOiJrb3RsaW5lQGdtYWlsLmNvbSIsInVzZXJOaWNrIjoi7Jik64yA7JiBIiwidXNlclJvbGUiOiJST0xFX1NFTklPUl9NQU5BR0VSIiwidXNlcklkIjoic2VuaW9yMSIsImVtYWlsIjoia290bGluZUBnbWFpbC5jb20ifQ.Y67lfJZ_EXHSJl-27jlHlmvd6VH2QsJTsg209NU3knM'),('2024-10-26 11:02:04.958684',167,2,'eyJ0eXAiOiJKV1QiLCJhbGciOiJIUzI1NiJ9.eyJpc3MiOiJqYXZhNDA1X3RlYW0xX2ZpbmFsX2lzc3VlciIsImlhdCI6MTcyOTgyMTcyNCwiZXhwIjoxNzI5ODIxNzI0LCJzdWIiOiJrb3RsaW5lQGdtYWlsLmNvbSIsInVzZXJOaWNrIjoi7Jik64yA7JiBIiwidXNlclJvbGUiOiJST0xFX1NFTklPUl9NQU5BR0VSIiwidXNlcklkIjoic2VuaW9yMSIsImVtYWlsIjoia290bGluZUBnbWFpbC5jb20ifQ.RWqWzYoYqNEJN3-lqYoW_YaDRySIt0fzwwRsLaZCC5I'),('2024-10-26 11:03:01.637803',168,1,'eyJ0eXAiOiJKV1QiLCJhbGciOiJIUzI1NiJ9.eyJpc3MiOiJqYXZhNDA1X3RlYW0xX2ZpbmFsX2lzc3VlciIsImlhdCI6MTcyOTgyMTc4MSwiZXhwIjoxNzI5ODIxNzgxLCJzdWIiOiJqYXZhbWFuYWdlckBuYXZlci5jb20iLCJ1c2VyTmljayI6Iu2ZqeyImOyglSIsInVzZXJSb2xlIjoiUk9MRV9NQU5BR0VSIiwidXNlcklkIjoibWFuYWdlcjEiLCJlbWFpbCI6ImphdmFtYW5hZ2VyQG5hdmVyLmNvbSJ9.ZGrqWv8EKUbgTeIPgM67ldWEBn1ydkR7_ku45oenQaI'),('2024-10-26 11:04:26.939012',169,2,'eyJ0eXAiOiJKV1QiLCJhbGciOiJIUzI1NiJ9.eyJpc3MiOiJqYXZhNDA1X3RlYW0xX2ZpbmFsX2lzc3VlciIsImlhdCI6MTcyOTgyMTg2NiwiZXhwIjoxNzI5ODIxODY2LCJzdWIiOiJrb3RsaW5lQGdtYWlsLmNvbSIsInVzZXJOaWNrIjoi7Jik64yA7JiBIiwidXNlclJvbGUiOiJST0xFX1NFTklPUl9NQU5BR0VSIiwidXNlcklkIjoic2VuaW9yMSIsImVtYWlsIjoia290bGluZUBnbWFpbC5jb20ifQ.eeEKWhiR4EgZ9y3Nfc7zneLJN0RbpGcZKPdZ0CRfBgU'),('2024-10-26 11:09:16.588355',170,2,'eyJ0eXAiOiJKV1QiLCJhbGciOiJIUzI1NiJ9.eyJpc3MiOiJqYXZhNDA1X3RlYW0xX2ZpbmFsX2lzc3VlciIsImlhdCI6MTcyOTgyMjE1NiwiZXhwIjoxNzI5ODIyMTU2LCJzdWIiOiJrb3RsaW5lQGdtYWlsLmNvbSIsInVzZXJOaWNrIjoi7Jik64yA7JiBIiwidXNlclJvbGUiOiJST0xFX1NFTklPUl9NQU5BR0VSIiwidXNlcklkIjoic2VuaW9yMSIsImVtYWlsIjoia290bGluZUBnbWFpbC5jb20ifQ.SJEW-p9UR8OXGmODgDAY_je1vqf0ttjB9udVjD6GU3o'),('2024-10-26 11:12:53.741708',171,2,'eyJ0eXAiOiJKV1QiLCJhbGciOiJIUzI1NiJ9.eyJpc3MiOiJqYXZhNDA1X3RlYW0xX2ZpbmFsX2lzc3VlciIsImlhdCI6MTcyOTgyMjM3MywiZXhwIjoxNzI5ODIyMzczLCJzdWIiOiJrb3RsaW5lQGdtYWlsLmNvbSIsInVzZXJOaWNrIjoi7Jik64yA7JiBIiwidXNlclJvbGUiOiJST0xFX1NFTklPUl9NQU5BR0VSIiwidXNlcklkIjoic2VuaW9yMSIsImVtYWlsIjoia290bGluZUBnbWFpbC5jb20ifQ.6awIzaeqyWNc_wYQMf0XCk5IxyW0nZPGmBnvXqBYd28'),('2024-10-26 11:13:58.208630',172,1,'eyJ0eXAiOiJKV1QiLCJhbGciOiJIUzI1NiJ9.eyJpc3MiOiJqYXZhNDA1X3RlYW0xX2ZpbmFsX2lzc3VlciIsImlhdCI6MTcyOTgyMjQzOCwiZXhwIjoxNzI5ODIyNDM4LCJzdWIiOiJqYXZhbWFuYWdlckBuYXZlci5jb20iLCJ1c2VyTmljayI6Iu2ZqeyImOyglSIsInVzZXJSb2xlIjoiUk9MRV9NQU5BR0VSIiwidXNlcklkIjoibWFuYWdlcjEiLCJlbWFpbCI6ImphdmFtYW5hZ2VyQG5hdmVyLmNvbSJ9.5iWWJy7H22PzhX7UyENrS6aeXifbWsvF8Pd1itzssdc'),('2024-10-26 11:18:32.393949',173,2,'eyJ0eXAiOiJKV1QiLCJhbGciOiJIUzI1NiJ9.eyJpc3MiOiJqYXZhNDA1X3RlYW0xX2ZpbmFsX2lzc3VlciIsImlhdCI6MTcyOTgyMjcxMiwiZXhwIjoxNzI5OTA5MTEyLCJzdWIiOiJrb3RsaW5lQGdtYWlsLmNvbSIsInVzZXJOaWNrIjoi7Jik64yA7JiBIiwidXNlclJvbGUiOiJST0xFX1NFTklPUl9NQU5BR0VSIiwidXNlcklkIjoic2VuaW9yMSIsImVtYWlsIjoia290bGluZUBnbWFpbC5jb20ifQ.ksiXhmGTX5_90w3d_BrBBMDFpNEAsNe3bin0HLtYRc8'),('2024-10-26 11:19:48.412581',174,2,'eyJ0eXAiOiJKV1QiLCJhbGciOiJIUzI1NiJ9.eyJpc3MiOiJqYXZhNDA1X3RlYW0xX2ZpbmFsX2lzc3VlciIsImlhdCI6MTcyOTgyMjc4OCwiZXhwIjoxNzI5OTA5MTg4LCJzdWIiOiJrb3RsaW5lQGdtYWlsLmNvbSIsInVzZXJOaWNrIjoi7Jik64yA7JiBIiwidXNlclJvbGUiOiJST0xFX1NFTklPUl9NQU5BR0VSIiwidXNlcklkIjoic2VuaW9yMSIsImVtYWlsIjoia290bGluZUBnbWFpbC5jb20ifQ.2GaENvlSIgl8NcYDZl1oED50kESxSWa9P58Qy7siqXM'),('2024-10-26 11:20:09.938246',175,2,'eyJ0eXAiOiJKV1QiLCJhbGciOiJIUzI1NiJ9.eyJpc3MiOiJqYXZhNDA1X3RlYW0xX2ZpbmFsX2lzc3VlciIsImlhdCI6MTcyOTgyMjgwOSwiZXhwIjoxNzI5OTA5MjA5LCJzdWIiOiJrb3RsaW5lQGdtYWlsLmNvbSIsInVzZXJOaWNrIjoi7Jik64yA7JiBIiwidXNlclJvbGUiOiJST0xFX1NFTklPUl9NQU5BR0VSIiwidXNlcklkIjoic2VuaW9yMSIsImVtYWlsIjoia290bGluZUBnbWFpbC5jb20ifQ.hejwR0McoAnxAe3bN4mcVHcKzSQ74q0ZBFoT209FRaM'),('2024-10-26 11:37:38.947977',176,2,'eyJ0eXAiOiJKV1QiLCJhbGciOiJIUzI1NiJ9.eyJpc3MiOiJqYXZhNDA1X3RlYW0xX2ZpbmFsX2lzc3VlciIsImlhdCI6MTcyOTgyMzg1OCwiZXhwIjoxNzI5OTEwMjU4LCJzdWIiOiJrb3RsaW5lQGdtYWlsLmNvbSIsInVzZXJOaWNrIjoi7Jik64yA7JiBIiwidXNlclJvbGUiOiJST0xFX1NFTklPUl9NQU5BR0VSIiwidXNlcklkIjoic2VuaW9yMSIsImVtYWlsIjoia290bGluZUBnbWFpbC5jb20ifQ.hhiRu4lq-VUwR3LXksfdRVrpUu3Mm8WYUhNRLRWZXEk'),('2024-10-26 11:42:25.289827',177,2,'eyJ0eXAiOiJKV1QiLCJhbGciOiJIUzI1NiJ9.eyJpc3MiOiJqYXZhNDA1X3RlYW0xX2ZpbmFsX2lzc3VlciIsImlhdCI6MTcyOTgyNDE0NSwiZXhwIjoxNzI5OTEwNTQ1LCJzdWIiOiJrb3RsaW5lQGdtYWlsLmNvbSIsInVzZXJOaWNrIjoi7Jik64yA7JiBIiwidXNlclJvbGUiOiJST0xFX1NFTklPUl9NQU5BR0VSIiwidXNlcklkIjoic2VuaW9yMSIsImVtYWlsIjoia290bGluZUBnbWFpbC5jb20ifQ.1ykN9FQc9wKubrX13DpRJYEmL6GHYT9qEauvpXjexQE'),('2024-10-26 11:44:49.050305',178,2,'eyJ0eXAiOiJKV1QiLCJhbGciOiJIUzI1NiJ9.eyJpc3MiOiJqYXZhNDA1X3RlYW0xX2ZpbmFsX2lzc3VlciIsImlhdCI6MTcyOTgyNDI4OSwiZXhwIjoxNzI5OTEwNjg5LCJzdWIiOiJrb3RsaW5lQGdtYWlsLmNvbSIsInVzZXJOaWNrIjoi7Jik64yA7JiBIiwidXNlclJvbGUiOiJST0xFX1NFTklPUl9NQU5BR0VSIiwidXNlcklkIjoic2VuaW9yMSIsImVtYWlsIjoia290bGluZUBnbWFpbC5jb20ifQ.bY5V2nGccSI39HePjtQLLaF6H76BfN4J1i3s0MfbLEw'),('2024-10-26 11:49:40.873351',179,2,'eyJ0eXAiOiJKV1QiLCJhbGciOiJIUzI1NiJ9.eyJpc3MiOiJqYXZhNDA1X3RlYW0xX2ZpbmFsX2lzc3VlciIsImlhdCI6MTcyOTgyNDU4MCwiZXhwIjoxNzI5OTEwOTgwLCJzdWIiOiJrb3RsaW5lQGdtYWlsLmNvbSIsInVzZXJOaWNrIjoi7Jik64yA7JiBIiwidXNlclJvbGUiOiJST0xFX1NFTklPUl9NQU5BR0VSIiwidXNlcklkIjoic2VuaW9yMSIsImVtYWlsIjoia290bGluZUBnbWFpbC5jb20ifQ.d9PJFysoRDm_gG0buadtRIKj3Crryj5MWW0oloXW1lY'),('2024-10-26 11:52:45.155962',180,1,'eyJ0eXAiOiJKV1QiLCJhbGciOiJIUzI1NiJ9.eyJpc3MiOiJqYXZhNDA1X3RlYW0xX2ZpbmFsX2lzc3VlciIsImlhdCI6MTcyOTgyNDc2NSwiZXhwIjoxNzI5OTExMTY1LCJzdWIiOiJqYXZhbWFuYWdlckBuYXZlci5jb20iLCJ1c2VyTmljayI6Iu2ZqeyImOyglSIsInVzZXJSb2xlIjoiUk9MRV9NQU5BR0VSIiwidXNlcklkIjoibWFuYWdlcjEiLCJlbWFpbCI6ImphdmFtYW5hZ2VyQG5hdmVyLmNvbSJ9.aJj8KHrBQkLQYfFBXQ438ojd-u3y40PfAaZCeQMuFfQ'),('2024-10-26 12:20:28.470050',181,1,'eyJ0eXAiOiJKV1QiLCJhbGciOiJIUzI1NiJ9.eyJpc3MiOiJqYXZhNDA1X3RlYW0xX2ZpbmFsX2lzc3VlciIsImlhdCI6MTcyOTgyNjQyOCwiZXhwIjoxNzI5OTEyODI4LCJzdWIiOiJqYXZhbWFuYWdlckBuYXZlci5jb20iLCJ1c2VyTmljayI6Iu2ZqeyImOyglSIsInVzZXJSb2xlIjoiUk9MRV9NQU5BR0VSIiwidXNlcklkIjoibWFuYWdlcjEiLCJlbWFpbCI6ImphdmFtYW5hZ2VyQG5hdmVyLmNvbSJ9.24QlfFYMoqWbsjhGJV-snzplGNx84dAcAL32eQMGoK4');
/*!40000 ALTER TABLE `refresh_token_entity` ENABLE KEYS */;
UNLOCK TABLES;

--
-- Table structure for table `user`
--

DROP TABLE IF EXISTS `user`;
/*!40101 SET @saved_cs_client     = @@character_set_client */;
/*!50503 SET character_set_client = utf8mb4 */;
CREATE TABLE `user` (
  `user_seq` bigint NOT NULL AUTO_INCREMENT,
  `approved_yn` varchar(255) NOT NULL,
  `email` varchar(255) NOT NULL,
  `user_id` varchar(255) NOT NULL,
  `user_name` varchar(255) NOT NULL,
  `user_pw` varchar(255) NOT NULL,
  `role` enum('ROLE_MANAGER','ROLE_SENIOR_MANAGER','ROLE_USER') DEFAULT NULL,
  PRIMARY KEY (`user_seq`),
  UNIQUE KEY `UKhl4ga9r00rh51mdaf20hmnslt` (`email`),
  UNIQUE KEY `UK6icoy2m5c9xvcuer66s7kkjv6` (`user_id`)
) ENGINE=InnoDB AUTO_INCREMENT=37 DEFAULT CHARSET=utf8mb4 COLLATE=utf8mb4_0900_ai_ci;
/*!40101 SET character_set_client = @saved_cs_client */;

--
-- Dumping data for table `user`
--

LOCK TABLES `user` WRITE;
/*!40000 ALTER TABLE `user` DISABLE KEYS */;
INSERT INTO `user` VALUES (1,'Y','javamanager@naver.com','manager1','황수정','$2a$10$o6JzzfqvtJRP9PbYJd1xC.JgqHDPie/iV9KT3NvN8AfcTfLbuMmNe','ROLE_MANAGER'),(2,'Y','kotline@gmail.com','senior1','오대영','$2a$10$gHKITDn5o62XMZeQDZqrgOXCm.n.94.BnxU5UBoduBbdGvmAzHOCy','ROLE_SENIOR_MANAGER'),(3,'Y','java@daum.net','user1','이승현','$2a$10$Ncp5qixL6Ph5/hnkc2nJwuFmN0rMK9kwk5GWbcb8fSs7xUXqezsQ6','ROLE_USER'),(4,'Y','servlet@naver.com','user2','오현진','$2a$10$tdWsEoiwi61kFFMgS471HuoHOOUD6fasmU/fv7nsBSYIhL6gdNEKS','ROLE_USER'),(5,'Y','spring@gmail.com','user3','이상기','$2a$10$lALX1rVpLwnvTC6YKrH0E.sdRsdsgFlcx9fd8RvTexBesEWoofRYu','ROLE_USER'),(6,'Y','mysql@gmail.com','user4','곽동철','$2a$10$aD4i1hMX67TgSWOTETJaFeXUun5nx4Slykj90ddVShm0TxKv6vyPm','ROLE_USER'),(7,'Y','sprongboot@naver.com','user5','고무권','$2a$10$gOWtQqtL3DWeX.VIZWYFHeqQDVK/CZ.dLQXUEjL7V75.bRGRVvWN2','ROLE_USER'),(8,'Y','html5@gmail.com','user6','나지인','$2a$10$XAaFchhJ5In5x.ZN3Gda6eIUv4Yh1a.f4Hr/f7JCzvTibxxlGVZwq','ROLE_USER'),(9,'Y','mybatis@yahoo.com','user7','한정규','$2a$10$f/5CfcH8pGCxruwpoFZp4u0wlhfnjOlV.6jTWmnytdTOQtebgjQlG','ROLE_USER'),(10,'Y','ES6@gmail.com','user8','유재석','$2a$10$qGSINvJNHfsdSnjSqnAzUufgpU9NNsGfICgdAvp80Gkph4xF.ktxm','ROLE_USER'),(11,'Y','react@naver.com','user9','강호동','$2a$10$nF6ynHy53wc8u9Z0xTnFS.GmpWhjGptEEmGUbugfpKiMcr3Fb8WmS','ROLE_USER'),(12,'Y','web@gmail.com','user10','강동원','$2a$10$3smH2LdpKOD5RFwAFr5Jue4OQrm6n.m1WUAgNv7mtOWcBpHaNxfa2','ROLE_USER'),(13,'Y','master@naver.com','master','마스터','$2a$10$77ZbnB1N0Ck5Aov94hT6/eFXPpPOUwbIUG/.YhE60PYhisASQacxW','ROLE_MANAGER'),(14,'Y','manager@yahoo.com','manager2','고길동','$2a$10$DsWnHWiec1ftuw8RW6Xc0ea1Ws.9XmRmElX9NG1xCeDUS669564x2','ROLE_MANAGER'),(15,'Y','frontend@naver.com','manager3','이수근','$2a$10$cDlOUQ4evCSS34rC0PM/j.UGtOntbnvOjLLLdTaNUKIDOjJdkX0gO','ROLE_MANAGER'),(16,'Y','backend@daum.net','manager4','마동석','$2a$10$s0OBaWo.ihFVxvzcOy5dTOHLIWp4JixUhR0HGooQShizVXNcRcqDa','ROLE_MANAGER'),(17,'Y','fullstack@yahoo.com','manager5','김지은','$2a$10$KS3tGaJmBE6kAhqp2g7OUe0lOa139L5Nu/E7vzJNlmqc4cTvD0Jeu','ROLE_MANAGER'),(18,'Y','bitc405@gmail.com','senior2','김동현','$2a$10$lcPRGuUxbsC9Ho28INM/Eet979R.6IiAdxCNFkHF3dmBsoSfITHoq','ROLE_SENIOR_MANAGER'),(19,'Y','busan@naver.com','senior3','백종원','$2a$10$g7ked7.GVCRd9YPFENw5..v.PbjMe8PQ3Do02RPhHQ8hodgtA2FBW','ROLE_SENIOR_MANAGER'),(20,'Y','yesiam@daum.net','senior4','안성재','$2a$10$D/v1Y5EPs9Yxpu2b0kVR3.R3DUHxCQ0nCWaV6gwQymQrls8rFaKyW','ROLE_SENIOR_MANAGER');
/*!40000 ALTER TABLE `user` ENABLE KEYS */;
UNLOCK TABLES;

--
-- Dumping events for database 'java405_team1_final'
--

--
-- Dumping routines for database 'java405_team1_final'
--
/*!40103 SET TIME_ZONE=@OLD_TIME_ZONE */;

/*!40101 SET SQL_MODE=@OLD_SQL_MODE */;
/*!40014 SET FOREIGN_KEY_CHECKS=@OLD_FOREIGN_KEY_CHECKS */;
/*!40014 SET UNIQUE_CHECKS=@OLD_UNIQUE_CHECKS */;
/*!40101 SET CHARACTER_SET_CLIENT=@OLD_CHARACTER_SET_CLIENT */;
/*!40101 SET CHARACTER_SET_RESULTS=@OLD_CHARACTER_SET_RESULTS */;
/*!40101 SET COLLATION_CONNECTION=@OLD_COLLATION_CONNECTION */;
/*!40111 SET SQL_NOTES=@OLD_SQL_NOTES */;

-- Dump completed on 2024-10-25 12:26:24
